,content,summary
0,焦面比例尺和畸变测量及稳定性分析是哪个工作包？,焦面比例尺和畸变测量及稳定性分析是'焦面比例尺和畸变测量及稳定性分析工作包（巡天模块-多色成像方面）'。
1,测光零点测量及变化分析是哪个工作包？,测光零点测量及变化分析是'测光零点测量及变化分析工作包（巡天模块-多色成像方面）'。
2,测光平场生成及稳定性分析属于哪个工作包？,测光平场生成及稳定性分析属于'测光平场生成及稳定性分析工作包（巡天模块-多色成像方面）'。
3,测光交叉定标是哪个工作包的任务？,测光交叉定标是'测光交叉定标工作包（巡天模块-多色成像方面）'的任务。
4,多色成像PSF建模及变化分析是哪个模块的工作包？,多色成像PSF建模及变化分析是'多色成像PSF 建模及变化分析工作包（巡天模块-多色成像方面）'。
5,孔径生长曲线分析及长期监测分析属于哪个模块的工作包？,孔径生长曲线分析及长期监测分析属于'孔径生长曲线分析及长期监测分析工作包（巡天模块-多色成像方面）'。
6,平场立方体参考图像生成及稳定性分析是哪个方面的工作包？,平场立方体参考图像生成及稳定性分析是'平场立方体参考图像生成及稳定性分析工作包（巡天模块-无缝光谱方面）'。
7,波长零点获取及稳定性分析是哪个方面的任务？,波长零点获取及稳定性分析是'波长零点获取及稳定性分析工作包（巡天模块-无缝光谱方面）'的任务。
8,追迹及光谱轨迹函数变化分析工作包涉及哪方面的内容？,追迹及光谱轨迹函数变化分析工作包涉及'追迹及光谱轨迹函数变化分析工作包（巡天模块-无缝光谱方面）'的内容。
9,波长定标色散函数生成及稳定性分析是哪方面的工作包？,波长定标色散函数生成及稳定性分析是'波长定标色散函数生成及稳定性分析工作包（巡天模块-无缝光谱方面）'的工作包。
10,流量定标响应函数生成及稳定性分析是哪个模块的工作包？,流量定标响应函数生成及稳定性分析是'流量定标响应函数生成及稳定性分析工作包（巡天模块-无缝光谱方面）'的模块工作包。
11,探测器本底与噪声工作包（MCI）主要负责什么？,探测器本底与噪声工作包（MCI）主要负责探测器本底与噪声相关的任务。
12,探测器暗电流工作包（MCI）的主要任务是什么？,探测器暗电流工作包（MCI）的主要任务是处理探测器暗电流相关的任务。
13,探测器PTC工作包（IFS）是做什么工作的？,探测器PTC工作包（IFS）是处理与探测器PTC（可能是像素传输特性或类似功能）相关的任务。
14,IFS定位工作包主要负责哪方面的任务？,IFS定位工作包主要负责IFS（可能是某种成像系统或光谱仪）的定位任务。
15,编号KSC-00-JK-0002-02.02的文档是由哪个单位编写的？,编号KSC-00-JK-0002-02.02的文档是由中国科学院国家天文台和中国科学院上海天文台编写的。
16,文档KSC-00-JK-0002-02.02是在哪个日期批准的？,文档KSC-00-JK-0002-02.02是在2023年7月15日批准的。
17,CSST科学数据处理系统的1级数据输入需求是什么？,CSST科学数据处理系统的1级数据输入需求是接收由科学与应用数据中心提供的0级数据产品和工程辅助数据产品，通过数据处理系统流水线加工0级数据产品，生成1级和2级科学数据产品，供科学用户使用。
18,1级数据结构接口设计和需求包括哪些内容？,1级数据结构接口设计和需求包括1级数据需求概述、各模块1级数据文件设计、命名和存储规范、接口示意图以及接口名称和项目识别号等。
19,主巡天多色成像模块（MSC_MS）的1级数据文件设计、命名和存储规范是什么？,主巡天多色成像模块（MSC_MS）的1级数据文件设计、命名和存储规范在文档中具体说明，包括完成仪器效应改正、宇宙线去除、背景光去除、畸变改正、天体测量定位、天体流量定标的单幅图像数据及其相关文件的格式和存储方式。
20,多通道成像仪模块（MCI）的1级数据包含哪些内容？,多通道成像仪模块（MCI）的1级数据包含完成仪器效应改正、宇宙线去除、背景光去除、天体测量定位、天体流量定标的单幅图像数据，及其对应的权重图像、mask图像数据及相关元信息文件。
21,积分视场光谱仪模块(IFS)的1级数据产品主要有哪些？,积分视场光谱仪模块(IFS)的1级数据产品主要包括完成仪器效应改正、宇宙线去除、光谱追迹过程的数据（由于文本被截断，未给出完整数据内容）。
22,星冕仪模块(CPIC)的1级数据包括哪些类型的图像？,文档没有直接提及星冕仪模块(CPIC)的1级数据包含的具体图像类型，但提到了1级数据通常包括完成仪器效应改正、背景光去除等处理后的数据。
23,高灵敏度太赫兹模块(HSTDM)的1级数据主要是什么格式？,文档没有直接提及高灵敏度太赫兹模块(HSTDM)的1级数据的具体格式，但通常CSST的1级数据采用FITS等科学数据格式。
24,接口示意图在文档中起到什么作用？,接口示意图在文档中起到展示各模块间数据接口关系和数据流路径的作用，帮助理解数据在系统中的处理流程。
25,1级数据产品是如何通过数据处理系统流水线生成的？,1级数据产品是通过科学数据处理系统的流水线加工0级数据产品生成的。流水线包括对探测器图像进行仪器效应改正、背景光去除、宇宙线去除等处理，并对数据进行一系列的定标，从而形成1级科学数据。
26,1级数据产品中的“天体测量定位”是什么意思？,1级数据产品中的“天体测量定位”是指对观测到的天体进行精确的位置测量和校准，以确定其在天球坐标系中的准确位置。
27,什么是“积分场光谱仪（IFS）的图像天体测量参数（IFS-WCS）”？,IFS-WCS是指积分场光谱仪（IFS）的图像天体测量参数，用于描述光谱图像中像素位置与天体在天球坐标系中的位置之间的对应关系。
28,无缝光谱数据处理的时间要求在哪里可以查看？,无缝光谱数据处理的时间要求可以在表14.16中查看。
29,表14.17中的多通道成像仪数据处理有哪些技术要求和可追踪性？,表14.17中列出了多通道成像仪数据处理的技术要求和可追踪性，但具体内容未在提供的文档段落中展示，因此需要直接查阅该表格获取详情。
30,积分视场光谱仪数据处理的技术要求和可追踪性是什么？,积分视场光谱仪数据处理的技术要求和可追踪性在表14.18中有具体说明，但具体内容未在提供的文档段落中展示，因此需要直接查阅该表格获取详情。
31,系外行星成像星冕仪数据处理有哪些技术要求和可追踪性？,系外行星成像星冕仪数据处理的技术要求和可追踪性在表14.19中有具体说明，但具体内容未在提供的文档段落中展示，因此需要直接查阅该表格获取详情。
32,巡天模块无缝光谱数据处理有哪些技术要求和可追踪性？,巡天模块无缝光谱数据处理的技术要求和可追踪性在表14.20中有具体说明，但具体内容未在提供的文档段落中展示，因此需要直接查阅该表格获取详情。
33,一般观测申请数据处理有哪些指标要求和可追踪性？,一般观测申请数据处理的指标要求和可追踪性在表14.21中有具体说明，但具体内容未在提供的文档段落中展示，因此需要直接查阅该表格获取详情。
34,机遇目标观测数据处理有哪些指标要求和可追踪性？,机遇目标观测数据处理的指标要求和可追踪性在表14.22中有具体说明，但具体内容未在提供的文档段落中展示，因此需要直接查阅该表格获取详情。
35,什么是软件失效模式分析？,软件失效模式分析是对软件系统中可能发生的失效模式进行分析，以确定每种失效模式的原因、影响及其发生概率，从而制定相应的预防措施和应对策略。在提供的文档中，软件失效模式分析的内容在表15.1中，但具体内容未在提供的文档段落中展示。
36,软件危险源清单包含哪些内容？,软件危险源清单包含的内容是软件系统中可能引发危险的各项因素，如代码缺陷、设计错误、安全风险等。但具体的软件危险源清单在表15.2中，并未在提供的文档段落中详细列出。
37,载人空间站工程巡天空间望远镜科学数据处理系统主要完成哪些功能？,载人空间站工程巡天空间望远镜科学数据处理系统主要完成三项功能：科学观测需求编排、数据处理和观测数据仿真。
38,什么是观测数据仿真？,观测数据仿真是指针对设施平台、主光机和各个后端模块的设计和运行特点模拟观测数据的过程，用于测试数据处理系统的性能和准确性。
39,在本文档中，哪个部分定义了需要实现的主要功能？,在本文档中，需要实现的主要功能在1.2节系统概述中定义，主要包括科学观测需求编排、数据处理和观测数据仿真三项功能。
40,"专用术语""BPIXTAB""的全称及解释是什么？","专用术语""BPIXTAB""的全称是Bad Pixel Table，解释是坏像素参考文件，用于记录并管理探测器上的坏像素信息。"
41,"""CCDTAB""在数据处理中起什么作用？","""CCDTAB""在数据处理中用于存储CCD每门读出的本底、读出噪声、增益以及每门读出尺寸等参数信息，对于图像数据的校正和转换起到关键作用。"
42,积分视场光谱仪（IFS）在科学数据处理系统中用于什么目的？,积分视场光谱仪（IFS）在科学数据处理系统中用于对观测到的光谱数据进行处理和分析，生成满足科学用户需求的科学数据产品。
43,PSCAN2 是什么？,PSCAN2 是表示垂直预扫描高度的一个关键字，每个读出通道都有。
44,OSCAN1 的值是多少？,OSCAN1 的值是 320，表示每个读出通道的水平过扫描宽度。
45,哪两个关键字表示读取开始和结束的时间？,READT0 和 READT1 这两个关键字分别表示读取开始和结束的时间（UTC）。
46,DETTEMP0 指的是什么？,DETTEMP0 表示在 READT0 时刻的探测器温度。
47,BIN_X 和 BIN_Y 分别代表什么？,BIN_X 和 BIN_Y 分别代表在 X（波长）方向和 Y（空间）方向的 bin 数目。
48,GAIN1 到 GAIN4 是什么的增益？,GAIN1 到 GAIN4 分别表示 CCD 的四个通道（1到4）的增益。
49,RON1 指的是什么？,RON1 表示 CCD 第一个通道（channel 1）的读取噪声。
50,DETBIA1 到 DETBIA4 是什么的电压？,DETBIA1 到 DETBIA4 分别表示四个通道（channel 1 到 4）的放大器偏置电压。
51,ROSPEED 的单位是什么？,ROSPEED 的单位是 MHz，表示读出速度。
52,CHECKSUM 和 DATASUM 分别代表什么？,CHECKSUM 和 DATASUM 分别表示 HDU 校验和和数据单元校验和，用于数据完整性检查。
53,BIAS_MAS 指的是哪个文件？,BIAS_MAS 指的是偏差主文件的文件名，用于图像处理中的偏差校正。
54,PROCESS 表示什么？,PROCESS 表示已经完成的处理步骤或流程的字符串表示。
55,RSS_VER 指的是什么版本？,RSS_VER 表示 RSS（可能是某种软件或系统）的当前版本。
56,CRPIX1 和 CRPIX2 分别是什么的坐标？,CRPIX1 和 CRPIX2 分别表示参考点的像素坐标。
57,CRVAL1 和 CRVAL2 分别表示什么的坐标值？,CRVAL1 和 CRVAL2 分别表示参考点在指定坐标系统中的坐标值。
58,流量定标星场图像如何用于计算透过率？,流量定标星场图像被用于计算透过率，通过定期拍摄的一组流量定标星场图像，可以计算得到透过率。
59,如何分析透过率在全视场空间的变化？,针对长期监测获得的多组透过率，进行统计分析，可以获取透过率在全视场空间的变化。
60,透过率随时间变化的分析结果如何获取？,通过长期监测获得多组透过率，并对这些数据进行统计分析，可以得到透过率随时间的变化分析结果。
61,孔径改正函数是如何通过流量定标星场数据计算得到的？,针对在轨定标定期拍摄的一组流量定标星场数据，进行计算，从而得到孔径改正函数。
62,什么是光谱分辨率？它如何被计算和分析随时间的变化？,光谱分辨率是描述光谱仪器区分不同波长光的能力。通过定期拍摄的一组波长定标星场图像或巡天特定时间段的一维光谱科学数据，可以计算光谱分辨率。针对长期监测获得的多组光谱分辨率，进行统计分析，可以获得光谱分辨率随时间的变化。
63,光谱PSF（点扩散函数）是如何测量的？,光谱PSF是针对在轨定标定期拍摄的一组特定星场图像或巡天特定时间段获得的多幅1级科学图像，进行计算得到的。
64,如何分析光谱PSF随时间的变化？,针对在轨定标长期监测获得的多组光谱PSF，进行统计分析，可以获得光谱PSF随时间的变化。
65,无缝光谱像场畸变是如何测量的？,无缝光谱像场畸变是通过在轨定标定期拍摄的一组特定星场图像或巡天特定时间段获得的多幅1级科学图像来测量的。
66,如何进行探测器本底与噪声的工作包处理？,探测器本底与噪声的工作包处理涉及对原始本底图像的处理，扣除过扫描后合并图像以获取平均本底和涨落，后者对应读出噪声。
67,探测器暗电流工作包是如何处理暗电流和热像元的？,探测器暗电流工作包通过扣除本底并除以曝光时间后合并暗电流原始图像来获取暗电流图像，并同时标示出量子效率不同的冷热像元。
68,滤光片内部平场定标工作包的主要功能是什么？,滤光片内部平场定标工作包主要用于生成不同滤光片的内部平场图，并标示出对光电响应不同的冷热像元。
69,CTE（电荷转移效率）工作包是如何计算CCD电荷转移效率的？,CTE工作包利用扩展像元边缘效应（EPER）方法，通过内部平场数据计算CCD的电荷转移效率。
70,定标灯亮度工作包如何监测定标灯亮度变化？,定标灯亮度工作包利用内部平场数据，通过辐射标定等过程后，得到对应定标灯亮度的数据，以监测其亮度变化。
71,探测器PTC工作包如何处理探测器的满阱、增益和非线性等特性？,探测器PTC工作包通过多帧不同曝光时间的平场图像，利用PTC曲线方法分析计算探测器的满阱、增益、非线性等特性参数。
72,图像几何畸变工作包是如何获取几何畸变参数的？,图像几何畸变工作包采用科学图像恒星位置与星表精确位置的比较分析，或通过对星团和密集星群的多角度观测，以及点目标与像元位置的对应等方式，来获取几何畸变参数。
73,有效载荷运行管理中心提供什么给观测需求编排？,有效载荷运行管理中心提供任务辅助数据产品给观测需求编排，用于生成最优观测天区序列。
74,科学观测需求编排功能产生什么描述脚本？,科学观测需求编排功能产生的观测需求编排描述脚本将会给有效载荷运控管理系统用于生成上注指令。
75,哪个系统用于生成上注指令？,有效载荷运控管理系统用于生成上注指令。
76,图5.2展示了什么的主要内容？,图5.2展示了系统内部的主要信息流，包括有效载荷运控管理系统、数据处理、观测数据仿真和科学观测需求编排等部分。
77,数据处理会将哪两级的数据处理状态信息传递给科学观测需求编排？,数据处理会将已经完成的1、2级数据处理的状态信息传递给科学观测需求编排。
78,观测数据仿真功能用于什么？,观测数据仿真功能用于仿真一段时间的观测天区序列，包括天区中心位置、观测时刻望远镜的姿态等数据，提供给数据处理功能用于算法的验证。
79,科学数据处理在科学与应用数据中心提供的什么数据基础上进行？,科学数据处理在科学与应用数据中心提供的0级数据的基础上进行。
80,巡天模块多色成像数据处理的主要步骤有哪些？,巡天模块多色成像数据处理的主要步骤包括仪器效应改正、宇宙线影响去除、位置和流量定标等，形成1级科学图像数据，并在此基础上形成2级合并图像数据和2级星表数据。
81,天体测量数据处理的主要功能是什么？,天体测量数据处理主要功能包括单帧图像的目标提取、定心和天体测量，以及多历元位置解算BCRS下天体测量5参数的工作，最终生成包括天体三维位置运动等参数及其误差的天体测量星表和太阳系快速移动天体历表等2级天测科学数据。
82,多通道成像仪数据处理的主要步骤有哪些？,多通道成像仪数据处理的主要步骤包括仪器效应改正、背景光和宇宙线影响去除、定标形成1级科学图像数据，并在上述1级科学图像数据基础上生成合并图像数据、图像相减数据和2级星表数据。
83,积分视场光谱仪数据处理的主要步骤是什么？,积分视场光谱仪数据处理的主要步骤包括仪器效应改正、背景光和宇宙线影响去除、光谱追迹等处理，生成1级单次曝光的三维光谱数据立方体，再进行多次曝光叠加、波长定标和流量定标，最终生成1级三维光谱数据立方体数据产品，并在其基础上进行谱线和连续测量处理，生成2级科学数据立方体。
84,数据库需要保存哪些内容？,数据库需要保存的内容包括0级数据记录、1级数据记录、2级数据、外部参考数据、全天观测天区中心位置表、最新望远镜的各项状态参数、工程遥测数据、观测计划和进度表等。
85,数据库需要提供哪些功能支持？,数据库需要提供的功能支持包括保存各类星表、高效查询内容、动态写入0-2级数据内容、静态保存外部参考星表数据内容、支持基于天球位置匹配的单表/多表合并操作、支持天文数据的锥形检索/矩形检索功能、支持依据Healpix天区划分协议的天区检索查询、通过python API实现对数据库中保存的内容进行查询/写入/更新等。
86,流水线运行管理的主要功能是什么？,流水线运行管理的主要功能包括实现云计算框架下数据处理支撑平台和数据处理软件之间的平滑连接、支持使用容器对数据处理业务功能的封装、支持根据支撑平台提供的计算资源对数据处理流水线的动态调度和并行化运行、提供数据处理模块的统一软件框架及规范、确保数据处理流水线运行的可靠性等。
87,Post-Flash 参考图像的主要用途是什么？,Post-Flash 参考图像主要用于监测Post-Flash LED的长期稳定性。
88,如何监测Post-Flash LED的长期稳定性？,通过Post-Flash 参考图像生成及稳定性分析工作包(KSC-SJB-PK-11)来监测Post-Flash LED的长期稳定性。
89,光子响应线性度计算的主要目的是什么？,光子响应线性度计算的主要目的是获得探测器的光子响应线性度，并监测其长期稳定性。
90,探测器电荷转移效率的计算有何意义？,探测器电荷转移效率的计算旨在获得探测器的电荷转移效率，并监测其随时间的变化，这对于评估探测器性能和图像质量非常重要。
91,南大西洋异常区穿越对仪器状态有何影响？,南大西洋异常区穿越对仪器状态的影响可以通过南大西洋异常区穿越影响监测分析工作包(KSC-SJB-PK-14)来评估。
92,如何处理异常关机后的测试数据？,异常关机后的测试数据可以通过异常关机后恢复情况的监测分析工作包(KSC-SJB-PK-15)进行处理。
93,图像质量及稳定性监测的主要功能是什么？,图像质量及稳定性监测的主要功能是获取全视场内的PSF分布等信息及其随时间的变化，以确保图像的持续高质量和稳定性。
94,如何通过视场内恒星的位置测量来计算焦面比例尺和畸变？,通过视场内恒星的位置测量来计算探测器焦面的各个位置处的比例尺以及整个视场的畸变，这是图像质量及稳定性监测的一个重要部分。
95,测光零点测量及随时间变化的监测如何执行？,测光零点测量及随时间变化的监测通常利用观测的测光标准星，计算相应波段和探测器的流量定标零点、颜色项改正，并定期监测滤光片和探测器系统的污染变化以及定标参数随时间的变化。
96,测光平场生成及稳定性监测的主要目的是什么？,测光平场生成及稳定性监测的主要目的是通过特定星场的多指向观测，获取基于不同滤光片的低频平场，同时还可计算相应探测器的畸变改正、颜色改正以及CTE电荷丢失改正，并监测长期稳定性变化。
97,巡天模块无缝光谱方面的在轨定标数据处理有哪些主要功能？,巡天模块无缝光谱方面的在轨定标数据处理功能包括平场立方体参考图像生成及稳定性监测、波长零点获取及稳定性监测、追迹及光谱轨迹函数随时间变化的监测等，以确保无缝光谱数据的准确性和可靠性。
98,多通道成像仪模块MCI在轨定标主要关注哪些方面？,多通道成像仪模块MCI在轨定标主要关注图像的稳定性、质量、测光零点等，通过对定标数据和常规科学观测数据的分析，为数据处理系统MCI流水线提供必要的定标参考文件。
99,IFS在轨定标数据处理主要关注哪些内容？,IFS在轨定标数据处理主要关注图像的稳定性、质量、波长定标、辐射亮度定标等，确保IFS数据处理的准确性和可靠性。
100,星冕仪模块CPIC在轨定标的主要功能有哪些？,星冕仪模块CPIC在轨定标的主要功能包括探测器性能及稳定性监测、测光零点与测光交叉定标等，为CPIC数据处理流水线提供必要的定标参考文件。
101,太赫兹模块在轨定标的数据处理主要关注哪些指标？,太赫兹模块在轨定标的数据处理主要关注太赫兹性能监测、频率精度定标、太赫兹模块观测效率以及太赫兹模块指向定标等，确保太赫兹模块观测数据的准确性和可靠性。
102,卫星姿态误差的要求是多少？,卫星姿态误差的要求是不大于0.05角秒（开精密导星仪情况下，单倍中误差）。
103,什么是时间戳？在数据传输中的作用是什么？,时间戳是位置和姿态信息应附有的时间标记，它严格对应信息测量的时间点。在数据传输中，时间戳用于确保数据的时序性和准确性，以支持后续的数据处理和分析。
104,后端探测器电压变化为何需要采样？,后端探测器电压变化需要采样是为了后期分析在曝光时标上电压的漂移对观测图像的影响，以提高图像处理的精度和可靠性。
105,波前组件的星点质心坐标用于什么目的？,波前组件的星点质心坐标用于辅助图像后期点扩散函数重构、盲反卷积计算，以提高图像的空间分辨率和成像质量。
106,解算出的Zernike系数在图像处理中的作用是什么？,解算出的Zernike系数用于辅助图像后期点扩散函数重构、盲反卷积计算，有助于改善图像的对比度、减少噪声和伪影，提高图像的清晰度。
107,主焦面探测器温度测量值的采样频率是怎样的？,主焦面探测器温度测量值的采样频率是每次曝光前、中、后各一次，用于得到对应温度下暗场结果，进而对对应温度下图像进行暗场扣除，以提高图像的准确性和可靠性。
108,定标光源档位、开灯时长等信息用于哪些观测应用？,定标光源档位、开灯时长等信息用于进行平场定标、Postflash等在轨亮灯观测应用，以校准仪器性能和提高图像处理的准确性。
109,卫星平台位置误差的要求是多少？,卫星平台位置误差的要求是不大于16.8公里（单倍中误差）。
110,卫星平台速度误差有何要求？,卫星平台速度误差的要求是不大于0.025米/秒（单倍中误差）。
111,平台或设施姿态数据包括哪些信息？,平台或设施姿态数据包括导星时序广播数据表、平台姿态数据表和GPS定位数据表，需求包括卫星平台位置误差、速度误差和姿态误差等，用于提高星场缝合的位置定位精度。
112,IFS模块中探测器温度测量对数据处理有何影响？,IFS模块中探测器温度测量对数据处理有重要影响，它可能影响到BIAS、暗流等数据，因此在数据处理过程中需要对温度进行监控。
113,定标切换机构状态参数主要用于什么目的？,定标切换机构状态参数主要用于数据处理中的质量校验，确保定标过程的准确性和可靠性。
114,曝光编号在数据处理中的作用是什么？,曝光编号在数据处理中用于与观测编排进行闭环操作，是数据管理和处理的重要标识。
115,图像辅助数据中，可见光相机的曝光时间如何确定？,图像辅助数据中，可见光相机的曝光时间是在每次曝光前确定的，用于数据处理中的曝光时间计算。
116,可见光相机读出通道的数量对图像处理有何影响？,可见光相机读出通道的数量对图像处理有影响，不同通道读出噪声不同，这会影响到图像的信噪比和成像质量。
117,什么是几何畸变修正参数？,几何畸变修正参数是为数据处理提供几何畸变修正的参数，这些参数通常用于修正由于仪器设计或观测条件引起的图像几何形状变化。
118,星团观测几何畸变如何定义？,从文档中找不到答案。
119,超级平场工作包的主要作用是什么？,超级平场工作包的主要作用是为数据处理分析提供高信噪比的平场，通过大量同一滤光片图像的叠加形成超级平场。
120,L-平场工作包是为了解决什么问题？,L-平场工作包是为了解决MCI外部平场大尺度变化特性问题，通过多角度拍摄星场或星团图像，并计算同一颗恒星在不同位置的亮度，获取大尺度平场（L-平场）修正参数。
121,星团CTE工作包的主要目标是什么？,星团CTE工作包的主要目标是针对MCI电荷转移效率进行定标，通过多角度拍摄星场或星团图像，并分析同一颗恒星亮度在不同位置随行和列的循序变化特性，计算探测器CTE大尺度平场修正参数。
122,测光零点工作包的作用是什么？,测光零点工作包的作用是为数据处理分析提供测光零点参数，通过对标准星观测图像进行平场、几何校正等流水线处理，获取标准星对应电子数，计算电子数与恒星亮度关系，获取MCI系统光电效率或测光零点。
123,点扩散函数工作包主要关注什么特性？,点扩散函数工作包主要关注MCI成像质量特别是点扩散函数特性，通过对不同滤光片点目标图像进行分析，获取、构建不同波段、不同位置的点扩散函数。
124,孔径生长曲线工作包是如何工作的？,孔径生长曲线工作包通过对不同滤光片点目标图像（恒星）进行多孔径测光，得到点源星等（亮度）与孔径大小之间的关系曲线即生长曲线，这样可以根据采集孔径重新计算流量，为后续测光的孔径改正提供改正参数。
125,图像质量及稳定性监测工作包的主要功能是什么？,图像质量及稳定性监测工作包的主要功能是对MCI多方面工作性能进行监测，包括图像的点扩散函数、离焦、几何畸变、位置稳定性等参数，用以判断是否需要及时进行定标。
126,探测器本底与噪声工作包如何处理探测器本底和读出噪声？,探测器本底与噪声工作包通过一组原始本底图像，扣除过扫描后进行合并，获取平均本底和涨落（后者对应读出噪声），为IFS数据处理提供需要扣除的探测器本底和读出噪声。
127,探测器暗电流工作包主要做什么？,探测器暗电流工作包主要针对IFS探测器暗电流进行定标，通过一组暗电流原始图像，扣除本底并除以曝光时间再进行合并获得暗电流图像，为数据处理提供需要扣除的暗电流图。
128,内部光谱灯定标工作包包含哪些模块？,内部光谱灯定标工作包包含两个模块，一是内部灯波长定标，通过分析波长定标灯图像获取像元与波长的对应关系；二是内部灯线扩散函数，通过分析波长定标灯图像获取不同发射线（波长）的线扩散函数。
129,内部平场灯定标工作包是如何进行的？,内部平场灯定标工作包首先利用内部连续谱平场灯产生内部平场图像，然后扣除本底和暗电流进行叠加、归一化，获取内部平场图并标示异常像元。接着利用扩展像元边缘效应（EPER）方法和平场图像计算CCD电荷转移效率。最后利用内部平场数据，扣除暗电流，修正平场和CTE效应，得到平场亮度对应定标灯亮度，以监测定标灯亮度变化。
130,巡天模块0级处理流水线主要处理什么数据？,巡天模块0级处理流水线首先将运控中心下传的0级数据图像作为输入，经过数据类型判断后，如果为多色成像数据的图像将进行多色成像0级数据图像可用性标记，对图像进行图像评估，根据要求对图像进行分类。如果为无缝光谱数据的图像将进行无缝光谱0级数据图像可用性标记，对图像进行图像评估，对不同的图像进行分类，最后完成图像评估的数据入库。
131,巡天模块中的多色成像0级处理流水线是如何分类图像的？,多色成像0级处理流水线在图像评估阶段，针对多色测光功能将图像分成正常图像（II0）和特殊图像。特殊图像包括：密集星场图像（I3）、近邻可分解星系图像（II1）、近邻大星系图像（II2）、星云天区图像（II3）、星系团图像（II4）、饱和污染图像（II5）等。针对天体测量功能根据图像中的恒星密度和参考星表中的恒星密度，将图像分为低密度星场天区（I1），中等密度星场天区（I2），高密度星场天区（I3）。
132,无缝光谱0级处理流水线的主要任务是什么？,无缝光谱0级处理流水线的主要任务是将每天的观测数据首先进行QC0的科学可用性标记，然后立即触发图像评估工作包，进行无缝光谱图像的类型检测，将图像分成正常图像和特殊图像，完成0级处理流水线。
133,多色成像1级处理流水线包含哪些类型的图像处理？,多色成像1级处理流水线包括正常图像数据处理日常流程和特殊图像数据处理日常流程，共7条流水线。其中正常图像数据处理日常流程包含单幅图像处理流水线；特殊图像数据处理日常流程包括密集星场处理流水线、近邻可分解星系处理流水线、近邻大星系处理流水线、星云处理流水线、星系团流水线和饱和污染流水线。
134,什么是密集星场图像处理流水线？,密集星场图像处理流水线是在标准单幅图像数据处理流水线之上增加对密集星场中高度重叠天体的识别和证认，证认其中的背景星系，使用PSF测光完成星表提取的流水线。
135,近邻可分解星系图像处理流水线的主要功能是什么？,近邻可分解星系图像处理流水线的主要功能是在密集星场中证认来源于星系以及前景的点源目标，使用PSF测光完成星表提取。由于近邻星系中大多数恒星不会在现有星表中查询到，因此位置定标需要特殊处理。
136,近邻大星系图像处理流水线是如何工作的？,由于文档未直接给出近邻大星系图像处理流水线的具体工作流程，但从上下文可以推断，它可能涉及对近邻大星系图像的特定处理，如目标检测、位置定标、流量定标和星表提取等步骤。
137,1级处理流水线中的天体测量正常图像数据处理日常流水线是如何分类的？,从文档中提到的天体测量正常图像数据处理日常流水线，并未直接给出其分类方式。但根据上下文，可以推测它可能根据图像中的恒星密度和参考星表中的恒星密度，将图像分为低密度星场天区（I1）、中等密度星场天区（I2）和高密度星场天区（I3）。
138,巡天模块2级处理流水线生成哪些数据产品？,巡天模块2级处理流水线将读取1级处理流水线的结果作为输入，最后输出各类数据产品，包括合并星表、PSF均匀化、合并图像数据、星系红移、强引力透镜源表生成、恒星星表参数生成和高精度流量定标等数据产品。
139,如何理解图10.6中展示的单幅图像处理流程？,图10.6展示了单幅图像处理流程，包括从辅助图像及基本参数文件、仪器效应改正、目标检测、外部星表交叉匹配、位置定标、流量定标到星表提取的一系列处理步骤。最终得到的是定标后的单次曝光科学图像和单次曝光星表，并归档存入数据库。
140,IFS数据处理软件有哪些主要的流水线？,IFS数据处理软件的主要流水线包括IFS 0级数据准备流水线、IFS单次曝光处理流水线、IFS多次曝光合成流水线和IFS二级数据处理流水线。
141,IFS 0级数据准备流水线的主要功能是什么？,IFS 0级数据准备流水线主要完成两个工作包，即QC0检验和图像数据入库。QC0检验首先进行校验码校验，然后进行0级数据的科学可用性标记，并在图像数据完成可用性标记后，提取图像关键参数信息进行索引标识后进行数据入库。
142,IFS单次曝光处理流水线如何处理原始图像？,IFS单次曝光处理流水线首先从数据库获取一组具有科学可用性的单次曝光的原始图像，经过仪器效应改正、光谱成像位置追踪、光谱抽取、波长定标、流量定标等一系列处理，生成全波段数据立方，并进行质量检测和数据索引，形成可入库的单次曝光数据立方。
143,IFS多次曝光合成流水线是如何合成多次曝光的数据的？,IFS多次曝光合成流水线首先从数据库读取单个或一组科学目标的一组单次曝光的一级光谱数据立方，经过数据读取评估、天体测量定标、图像叠加、天光背景扣除等步骤，生成以科学目标为索引的多次曝光合成的一级光谱数据，经过质量检测和数据库索引后存入数据库。
144,IFS二级数据处理流水线的主要工作包括哪些？,IFS二级数据处理流水线主要包含两大部分：光谱质量检验和光谱科学参数提取。光谱质量检验环节首先检查数据有效性、光谱信噪比等，然后进行科学参数的提取，包括恒星的运动学参数、气体对应的发射线流量和运动学参数、以及星族相关的年龄、金属丰度等，最后输出IFS科学数据包存储。
145,IFS数据处理软件的流水线编号是如何命名的？,"IFS数据处理软件的流水线编号采用""KSC-SJ6-PLx-yy""的格式进行命名，其中""KSC""代表空间科学中心，""SJ6""代表空间天文望远镜项目，""PLx""代表处理流程的级别，""yy""为流水线的具体编号。"
146,IFS 0级数据准备流水线的工作包有哪些？,IFS 0级数据准备流水线包括QC0检验和图像数据入库两个工作包。
147,IFS单次曝光处理流水线包含哪些工作包单元？,IFS单次曝光处理流水线包含的工作包单元有仪器效应改正、光谱成像位置追踪、光谱抽取、像元-波长对应关系工作包、波长定标、流量定标等11个工作包单元。
148,IFS多次曝光合成流水线的工作包包括哪些？,IFS多次曝光合成流水线的工作包包括多次曝光数据可用性工作包、多次曝光合成几何框架工作包、多次曝光图像叠加工作包、天光背景扣除工作包、多次曝光合成误差估算工作包和多次曝光合成文件生成工作包等。
149,IFS二级数据处理流水线的工作包中哪个是负责光谱质量检验的？,IFS二级数据处理流水线的工作包中，光谱质量检验是流水线的主要工作之一，但没有直接提及特定的工作包名称。它是通过一系列的质量检查步骤来完成的。
150,IFS数据处理软件的哪些工作包涉及光谱参数的提取？,IFS数据处理软件中，涉及光谱参数提取的工作包包括IFS积分光谱的吸收线测量工作包、IFS积分光谱的发射线测量工作包和IFS积分光谱的星族分析工作包等。
151,IFS 0级数据可用性标记工作包的主要任务是什么？,IFS 0级数据可用性标记工作包的主要任务是对数据中心提供的0级数据图像进行校验码校验和科学可用性标记，确保观测获得的数据在科学上具有可用性。
152,IFS 0级数据索引标识工作包的作用是什么？,IFS 0级数据索引标识工作包的作用是对经过可用性标记处理的QC0级数据图像进行关键参数提取和数据库索引，为下一步数据处理流水线提供数据文件的索引功能。
153,图10.204展示了什么内容的流程图？,图10.204展示了在轨定标-IFS的IFS定位工作包流程图。
154,在轨定标-IFS的图像质量及稳定性监测工作包流程图是哪张图？,在轨定标-IFS的图像质量及稳定性监测工作包流程图是图10.205。
155,探测器本底与噪声工作包流程图是在哪个部分描述的？,探测器本底与噪声工作包流程图是在轨定标-CPIC部分描述的，对应的是图10.206。
156,探测器暗电流工作包是在哪个图中介绍的？,探测器暗电流工作包是在图10.207中介绍的。
157,图10.208展示了什么定标工作包的流程图？,图10.208展示了在轨定标-CPIC的探测器平场定标工作包流程图。
158,探测器CTE工作包流程图对应的是哪个图？,探测器CTE工作包流程图对应的是图10.209。
159,探测器PTC工作包流程图是在哪个图中描述的？,探测器PTC工作包流程图是在图10.210中描述的。
160,图10.212描述了什么工作包的流程图？,图10.212描述了在轨定标-CPIC的探测器EM增益工作包流程图。
161,探测器EM增益工作包是在哪个图中提到的？,探测器EM增益工作包是在图10.212中提到的。
162,哪个图描述了测光零点工作包的流程图？,测光零点工作包的流程图是在图10.214中描述的。
163,模块性能监测工作包流程图对应的是哪个图？,模块性能监测工作包流程图对应的是图10.215。
164,图10.216展示了什么定标工作包的流程图？,图10.216展示了在轨定标-THz的频率精度定标工作包流程图。
165,观测效率定标工作包流程图是在哪个图中描述的？,观测效率定标工作包流程图是在图10.217中描述的。
166,指向精度定标工作包流程图对应的是哪个图？,指向精度定标工作包流程图对应的是图10.218。
167,高级数据分析工具注册过程是在哪个图中提到的？,高级数据分析工具注册过程是在图10.219中提到的。
168,IFS的数据处理流程分为哪几级？,IFS的数据处理流程分为四级：零级数据准备，一级单次处理、一级多次合成、二级数据处理。
169,IFS零级数据准备的主要功能是什么？,IFS零级数据准备的主要功能是检查0级数据的科学可用性、准确性，以及对0级数据进行分类，提取标签，写入数据库。
170,IFS一级单次处理有哪些主要功能？,IFS一级单次处理的主要功能包括数据合并、探测器效应改正、宇宙线扣除、光谱成像位置追踪、光谱提取、像元-波长对应关系确定、波长定标、流量定标、LSF提取、天体测量解算和单次处理数据立方生成等。
171,IFS一级多次合成的主要功能包括哪些？,IFS一级多次合成的主要功能包括单次曝光数据读取与检查、多次曝光合成天测定标、光谱叠加与合成、天光背景扣除、协方差矩阵计算和合成数据立方生成及可用性标记等。
172,IFS二级数据处理的主要功能有哪些？,IFS二级数据处理的主要功能包括数据立方可用性检查、数据立方光谱质量检验、积分视场光谱的分区叠谱、积分光谱的发射线特征测量、积分视场光谱的运动学特征测量、积分视场光谱的星族测量和科学数据包的生成等。
173,IFS的数据处理流水线设计分为哪几个部分？,IFS的数据处理流水线设计分为0级数据准备、单次曝光处理、多次曝光合成和二级数据处理流水线四个部分。
174,IFS 0级数据准备流水线的主要任务是什么？,IFS 0级数据准备流水线的主要任务是接收0级数据作为输入，进行0级数据可用性标记并进行分类，读取数据标签并存入数据库。
175,IFS单次曝光处理流水线是如何工作的？,IFS单次曝光处理流水线从数据库读入可处理的单次曝光的0级数据和相应的参考文件数据，对单次曝光的0级数据图像进行流水线处理，处理结果进行质量标记并存入数据库。
176,IFS多次曝光合成流水线的主要功能是什么？,IFS多次曝光合成流水线的主要功能是从数据库读入某科学目标的一组单次曝光数据，进行多次曝光合成处理，包括天测定标、光谱叠加与合成、天光背景扣除等，并生成合成数据立方及进行可用性标记。
177,IFS的多次曝光合成后数据立方存储在哪里？,IFS的多次曝光合成后数据立方存储在数据库中。
178,IFS二级数据处理流水线主要负责什么？,IFS二级数据处理流水线主要负责对合成后的数据立方进行高级处理，包括数据立方可用性检查、光谱质量检验、分区叠谱、发射线特征测量、运动学特征测量、星族测量和科学数据包的生成等。
179,IFS数据处理中提到的“数据立方”是什么？,IFS数据处理中提到的“数据立方”是一个三维数据结构，用于存储光谱数据，其中两个维度代表空间位置，另一个维度代表波长。
180,IFS数据处理中提到的“LSF”是什么？,IFS数据处理中提到的“LSF”是指谱线扩展函数（Line Spread Function），用于描述光谱仪对输入谱线的响应，即输出谱线的形状和宽度。
181,IFS数据处理中的“数据立方可用性检查”主要检查什么？,IFS数据处理中的“数据立方可用性检查”主要检查数据立方的科学可用性、准确性，确保数据立方满足后续科学分析的需求。
182,IFS数据处理中的“科学数据包”包含哪些内容？,IFS数据处理中的“科学数据包”包含完整的科学参数，如光谱数据、测量结果、分析参数等，并对每个参数作出解释，通过可用性检查确保各参数有效。
183,焦面比例尺和畸变测量及稳定性分析工作包编号是什么？,焦面比例尺和畸变测量及稳定性分析工作包编号为KSC-SJB-PK-17。
184,测光零点测量及变化分析工作包编号是什么？,测光零点测量及变化分析工作包编号为KSC-SJB-PK-18。
185,测光平场生成及稳定性分析的工作包编号是多少？,测光平场生成及稳定性分析的工作包编号为KSC-SJB-PK-19。
186,什么是测光交叉定标工作包？,测光交叉定标工作包是用于交叉验证和校准测光系统的工作包，编号为KSC-SJB-PK-20。
187,多色成像PSF建模及变化分析工作包的主要目标是什么？,多色成像PSF建模及变化分析工作包的主要目标是构建和分析多色成像的点扩散函数（PSF）模型及其变化情况，编号为KSC-SJB-PK-21。
188,孔径生长曲线分析及长期监测分析工作包是做什么的？,孔径生长曲线分析及长期监测分析工作包用于分析望远镜孔径生长曲线的变化趋势并进行长期监测，编号为KSC-SJB-PK-22。
189,平场立方体参考图像生成及稳定性分析工作包的主要内容是什么？,平场立方体参考图像生成及稳定性分析工作包主要内容是生成平场立方体参考图像，并分析其稳定性，用于巡天模块的无缝光谱数据处理，编号为KSC-SJB-PK-23。
190,探测器本底与噪声工作包是关于哪个模块的？,"探测器本底与噪声工作包是关于多个模块（如MCI, IFS, CPIC）的，用于评估探测器的本底和噪声性能。"
191,探测器暗电流工作包的主要功能是什么？,探测器暗电流工作包的主要功能是测量和分析探测器的暗电流，以评估其性能。
192,滤光片内部平场定标工作包是做什么的？,滤光片内部平场定标工作包用于对滤光片进行内部平场定标，以修正滤光片对图像的影响。
193,内部平场CTE工作包主要负责哪方面的分析？,内部平场CTE工作包主要负责分析内部平场图像的电荷转移效率（CTE），以评估探测器的性能。
194,什么是0级数据可用性标记工作包？,0级数据可用性标记工作包是对在轨定标0级数据图像进行标记的工作包，目的是保证观测获得数据的合理性，并报告显著错误。
195,本底参考图像生成及变化分析工作包的作用是什么？,本底参考图像生成及变化分析工作包的作用是生成本底参考图像，用于仪器效应改正，并分析本底随时间的长期变化情况。
196,暗流参考图像生成及变化分析工作包的主要流程是怎样的？,暗流参考图像生成及变化分析工作包的主要流程是：首先进行本底扣除，然后合并生成暗流参考图像，再探测暗流图像中的坏像素，最后分析暗流及坏像素随时间的长期变化情况。
197,LED亮度监测分析工作包如何监测LED亮度的变化？,LED亮度监测分析工作包通过比较长期监测获得的内部LED定标灯采集到的内部平场数据和利用标准星得到的外部平场数据，来监测内部光源LED亮度的长期变化趋势。
198,表10.5列出的是哪个模块的流水线列表？,表10.5列出的是巡天模块的主要流水线列表。
199,巡天模块包含了多少个工作包？,巡天模块包含了61个工作包，如表10.6所示。
200,表10.7列出的是关于哪个工作包的功能模块列表？,表10.7列出的是关于多色成像0级数据可用性标记工作包的功能模块列表。
201,多色成像图像评估工作包在表几中列出？,多色成像图像评估工作包在表10.8中列出。
202,多色成像仪器效应改正工作包在哪个表中有描述？,多色成像仪器效应改正工作包在表10.9中有描述。
203,表10.15描述的是什么工作包？,表10.15描述的是多色成像密集星场目标检测工作包。
204,密集星场初步位置定标工作包在表几中？,密集星场初步位置定标工作包在表10.16中。
205,前景星识别工作包在表10.几？,前景星识别工作包在表10.17中。
206,多色成像识别大星系图像工作包在哪个表中？,多色成像识别大星系图像工作包在表10.19中。
207,多色成像星系红移计算工作包在表几中？,多色成像星系红移计算工作包在表10.29中。
208,表10.31描述的是什么类型的工作包？,表10.31描述的是多色成像恒星参数计算工作包。
209,无缝光谱仪器效应改正工作包在哪个表中列出？,无缝光谱仪器效应改正工作包在表10.40中列出。
210,无缝光谱精确位置定标工作包的功能模块列表在哪个表中？,无缝光谱精确位置定标工作包的功能模块列表在表10.45中。
211,基于目标源的一维光谱提取工作包在表几中？,基于目标源的一维光谱提取工作包在表10.46中。
212,高精度流量定标工作包在表10.几中描述？,高精度流量定标工作包在表10.54中描述。
213,太赫兹模块0级数据组包工作包的主要功能是什么？,太赫兹模块0级数据组包工作包的主要功能是对经过QCO标记过的太赫兹模块原始数据进行重新组包，并加入时间戳。
214,什么是1级数据强度校准工作包的主要功能？,1级数据强度校准工作包的主要功能是计算实测的校准因子，实现对太赫兹0级数据进行强度校准，为最终得到1级数据奠定基础。
215,1级数据频率和位置校准工作包如何处理多普勒频移？,1级数据频率和位置校准工作包通过统一速度扣除多普勒频移从而实现对1级数据的频率校准，同时考虑平台在轨运动、地球公转、太阳公转等同目标源存在的相对运动，对1级数据对应的位置进行校准。
216,OTF观测模式下1级数据强度校准工作包与单点观测模式的区别是什么？,OTF观测模式下1级数据强度校准工作包与单点观测模式的主要区别在于校准因子的计算是基于OTF模式的实测参数，旨在实现对OTF模式下0级数据的强度校准。
217,什么是1级数据网格重整工作包的主要目标？,1级数据网格重整工作包的主要目标是消除空间数据采集过程中出现的非均匀性，通过选择优化加权函数进行网格重整，最终得到OTF模式下太赫兹模块的1级数据。
218,1级数据质量检查工作包的主要任务是什么？,1级数据质量检查工作包的主要任务是对谱线数据中噪声异常数据或存在干扰数据进行标记，为1级数据质量进行控制。
219,2级数据的FITS文件生成工作包如何生成数据文件？,2级数据的FITS文件生成工作包是依据标准的FITS文件格式依次写入经过1级数据流水线处理后的数据，并将标准FITS格式数据文件提交入库。
220,在轨定标数据处理主要包括哪些模块的数据处理？,在轨定标数据处理主要包括巡天模块、MCI、IFS、CPIC及太赫兹模块获得的在轨定标数据的处理。
221,巡天模块在轨定标数据处理流程涉及哪些方面？,巡天模块在轨定标数据处理流程主要涉及探测器方面、多色成像方面及无缝光谱方面。
222,巡天模块探测器方面的在轨定标数据处理有哪些主要功能？,巡天模块探测器方面的在轨定标数据处理包括15个主要功能，如0级数据可用性标记检查、合并的本底参考图像生成及长期变化监测、增益计算及稳定性监测等。
223,合并的本底参考图像生成及长期变化监测的目的是什么？,合并的本底参考图像生成及长期变化监测的目的是获得经过合并处理后的本底参考图像，并定期更新，监测本底的稳定性及随时间的变化。
224,增益计算及稳定性监测对于探测器性能评估有什么意义？,增益计算及稳定性监测对于探测器性能评估具有重要意义，它可以计算获得增益值，并定期监测增益的稳定性及变化，有助于了解探测器的性能特性。
225,LED亮度监测的主要任务是什么？,LED亮度监测的主要任务是测量LED亮度-时间曲线，获得LED亮度修正参数。
226,Post-Flash参考图像生成及稳定性监测主要用于哪个波段的改正？,Post-Flash参考图像生成及稳定性监测主要用于NUV和u波段的Post-Flash改正。
227,退火数据处理及退火有效性监测的主要作用是什么？,退火数据处理及退火有效性监测的主要作用是处理退火前后的本底和暗流图像，获得热像素计数（随时间的函数），并监测退火有效性。
228,在信噪比大于10的条件下，要求的精度是多少？,在信噪比大于10的条件下，要求的精度优于0.03角秒（精度为单倍随机误差RMS）。
229,轨道类型的识别在什么条件下能优于95%？,在累计有效观测弧段大于2周的情况下，轨道类型的识别能优于95%，其中彗星需要配合轮廓参数识别。
230,天测多历元位置数据解算工作包编号是什么？,天测多历元位置数据解算工作包编号是KSC-SJ9-PK-05。
231,人造卫星和空间碎片等地心轨道的人工干扰目标的剔除成功率是多少？,对进入视场的人造卫星、空间碎片等地心轨道的人工干扰目标，剔除成功率为95%。
232,快速移动目标的检测识别工作包编号是什么？,天测多帧图像上快速移动目标的检测识别工作包编号是KSC-SJ9-PK-06。
233,巡天模块无缝光谱数据处理的表14.15主要说明了什么？,表14.15主要说明了巡天模块无缝光谱数据处理的技术要求和可追踪性，包括数据处理过程引入的误差、红移精度等。
234,在无缝光谱数据处理中，哪些工作包与数据处理时间有关？,在无缝光谱数据处理中，与数据处理时间有关的工作包包括巡天模块1级处理流水线（KSC-SJ2-PK-01~16）和巡天模块2级处理总流水线（KSC-SJ2-PK-16~23）。
235,无缝光谱数据处理对红移精度的要求是什么？,无缝光谱数据处理对红移精度的要求是在巡天主要红移区间z=0.5-1.5，对于发射线星系，归一化标准偏差（σNMAD=∆z/(1+z)）平均≯0.005；对于宁静星系，σNMAD平均≯0.01。对于z<0.5星系红移测量精度平均≯0.003。
236,在多通道成像仪数据处理中，极深场的极限星等要求是多少？,在多通道成像仪数据处理中，紫外和可见光极深场的3个波段累积观测，其中≥1个波段的极深场极限星等≥30等（信噪比S/N≥5，点源，孔径星等，0.36角秒直径，AB星等）。
237,积分视场光谱仪数据处理技术要求的主要目标是什么？,积分视场光谱仪数据处理技术要求的主要目标是在曝光时间满足单次300s并20次曝光累计情况下，数据处理系统应测量得到的天体的信号指标。
238,系外行星成像星冕仪数据处理后，图像残余噪声的要求是什么？,系外行星成像星冕仪数据处理后，图像残余噪声≯3倍理论观测噪声，包括相机读出噪声，相机暗电流和天空背景强度。
239,太赫兹模块数据处理在什么条件下能测量到的信号灵敏度≤150mK？,在200s积分时间情况下，太赫兹模块数据处理系统应测量到的信号灵敏度≤150mK（3σ、100kHz带宽）。
240,一般观测申请数据处理需要生产哪些级别的数据产品？,一般观测申请数据处理需要生产0级和1级数据产品。
241,机遇目标观测数据处理的技术要求是什么？,机遇目标观测数据处理的技术要求是生产0级和1级数据产品。
242,机遇目标观测数据处理需要生产哪些级别的数据产品？,机遇目标观测数据处理需要生产0级和1级数据产品。
243,CTE效应是什么？,CTE效应是电荷转移效应，指的是在电荷传输过程中，由于像素内电荷的转移导致像素间电荷分布的不均匀现象。
244,Flat改正是什么？,Flat改正是一种图像处理方法，用于消除由于探测器各像素对光响应不一致导致的图像亮度不均匀现象。它通过拍摄一张均匀照亮的平场图像，并以其为基准对其他图像进行校正，使图像的亮度分布更为均匀。
245,IFS宇宙线扣除工作包的功能是什么？,IFS宇宙线扣除工作包的功能是在IFS单次曝光图像中扣除宇宙线。它通过搜寻图像中的宇宙线，将其出现的位置及周边像元标记在mask中，并将宇宙线从科学图像中扣除，得到去除宇宙线后的科学图像。
246,IFS宇宙线搜寻是如何实现的？,IFS宇宙线搜寻是通过在输入的科学图像中搜索亮度异常的像素点，这些点通常表现为远高于周围像素的亮度，并且形状和大小与宇宙线造成的痕迹相符。一旦发现这样的像素点，就在mask文件中记录其像元位置，并将宇宙线mask文件补录入输入文件。
247,IFS光谱成像位置追踪工作包是如何工作的？,IFS光谱成像位置追踪工作包利用平场图像追踪32条切片在CCD上的色散后的成像位置。它通过沿色散方向等间隔抽取列信息，对每一列抽取流量信息，搜寻被切片点亮的区域，记录中心位置。然后对这些中线位置坐标进行多项式拟合，输出拟合参数用于后续抽谱工作。
248,IFS光谱抽取工作包的主要功能是什么？,IFS光谱抽取工作包的主要功能是对输入图像进行光谱抽取。它根据光谱追踪的结果，定位切片光谱带位置，对切片边缘效应进行修正，并依据用户的空间采样需求，将光谱带切分成多条光谱，得到抽谱后的科学图像并输出。
249,IFS像元-波长对应关系工作包是如何确定像元与波长的关系的？,IFS像元-波长对应关系工作包通过拟合像元-波长（PTOW）关系来确定像元位置与波长的对应关系。它首先搜寻抽谱后定标灯图像中的发射线，拟合谱线的峰值位置。然后通过与定标灯灯谱的实验室波长匹配，认证谱线。最后确定像元位置与实验室波长的对应关系，并进行拟合，输出像元-波长对应关系文件。
250,IFS波长定标工作包如何进行多普勒效应改正？,IFS波长定标工作包通过卫星轨道运行参数进行多普勒效应改正。它首先依据像元-波长对应关系确定每个像元位置对应的波长。然后根据卫星轨道运行参数，计算由于望远镜轨道运动带来的多普勒位移，并对每条光谱的波长进行改正，以消除多普勒效应的影响。
251,IFS流量定标工作包是如何实现流量定标的？,IFS流量定标工作包利用流量标准星进行流量定标。它首先通过比对波长定标后的标准星光谱和其本征光谱，计算出随波长变化的响应曲线。然后利用该响应曲线，改正波长定标后的单次曝光光谱，得到波长流量定标后的光谱文件，从而实现流量定标。
252,IFS LSF 提取工作包的主要任务是什么？,IFS LSF（谱线扩展函数）提取工作包的主要任务是利用定标灯提取和测量谱线扩展函数（LSF）。它通过将所有波长定标后的定标灯谱线融合为一条灯谱，并利用灯谱间的亚像素位移增加采样点。然后对所有谱线形状进行轮廓拟合，得出LSF信息。
253,IFS天体测量标定工作包包含哪两个主要组件？,IFS天体测量标定工作包包含两个主要组件：第一个是测光图像配准法，通过将IFS图像与已知WCS参数的图像配准来获得对应像素的天球坐标并解算出WCS参数；第二个是MCI辅助定标法，通过MCI观测的视场内的星点来辅助解算出IFS的WCS参数。
254,这份文档是关于哪个工程项目的？,这份文档是关于载人空间站工程巡天空间望远镜科学数据处理系统软件系统设计说明的。
255,"文档中提到的""之江实验室编辑版""是什么意思？","从文档中无法直接确定""之江实验室编辑版""的具体含义，但可能表示这份文档是由之江实验室进行编辑或整理的版本。"
256,文档的版本号是什么？,文档的版本号是02.01。
257,初始版本的文档是由谁创建的？,初始版本的文档是由罗常青创建的。
258,"文档中的""系统任务分析""部分主要涵盖哪些内容？",系统任务分析部分主要涵盖对系统需要完成的任务和目标进行详细分析的内容。
259,"""数据处理的工作模式""是如何描述的？",数据处理的工作模式在文档中位于4.2.1节，但具体描述未在提供的内容中展示。
260,系统如何处理巡天模块多色成像数据？,系统处理巡天模块多色成像数据的方式在6.1.1.1节有提及，但具体细节未在提供的内容中展示。
261,"文档中提到的""数据库内容需求""有哪些？",数据库内容需求在6.1.2.1节有提及，但具体需求内容未在提供的内容中展示。
262,数据库的功能需求是什么？,数据库的功能需求在6.1.2.2节有提及，但具体需求内容未在提供的内容中展示。
263,流水线运行管理主要涵盖哪些内容？,流水线运行管理的内容在6.1.3节有提及，但具体涵盖内容未在提供的内容中展示。
264,数据产品有哪些具体的要求？,数据产品的具体要求在6.2.1节有提及，但具体要求内容未在提供的内容中展示。
265,巡天模块多色成像数据处理的技术指标是什么？,巡天模块多色成像数据处理的技术指标在6.2.2.1节有提及，但具体指标内容未在提供的内容中展示。
266,多通道成像仪的数据处理有哪些指标要求？,多通道成像仪的数据处理指标要求在6.2.2.4节有提及，但具体指标内容未在提供的内容中展示。
267,"""机遇目标观测数据处理""的技术指标有哪些要求？",机遇目标观测数据处理的技术指标要求在6.2.2.9节有提及，但具体指标内容未在提供的内容中展示。
268,文档修改记录的备注部分有什么重要信息？,文档修改记录的备注部分提供了修改人、修改日期以及修改内容的简要描述，是重要的版本控制信息。
269,太赫兹模块的原始谱线数据包含哪些信息？,太赫兹模块的原始谱线数据包含每条谱线通道的积分开始、结束时间或者积分时间等信息。
270,太赫兹模块状态信息包含哪些状态信息？,太赫兹模块状态信息包含探测器、本振源、低温放大器、常温中频、数字频谱仪、中频输出总功率、校准黑体温度、校准镜的位置、观测模式、观测频率及边带等状态信息。
271,巡天模块多色成像1级数据的主要内容是什么？,巡天模块多色成像1级数据主要包括完成仪器效应改正、宇宙线去除、背景光去除、畸变改正、天体测量定位、天体流量定标的单幅图像数据，及其对应的权重图像、flag图像数据及相关元信息文件。
272,巡天模块无缝光谱1级数据的主要科学数据是什么？,巡天模块无缝光谱1级数据的主要科学数据是完成仪器效应改正、宇宙线去除、背景光去除、畸变改正、天体测量定位等的单幅及合并二维光谱科学数据，及其对应的权重图像、flag图像数据。
273,多通道成像仪1级数据的主要内容是什么？,多通道成像仪1级数据主要内容包括完成仪器效应改正、宇宙线去除、背景光去除、天体测量定位、天体流量定标的单幅图像数据，及其对应的权重图像、mask图像数据及相关元信息文件。
274,积分视场光谱仪1级数据的主要内容是什么？,积分视场光谱仪1级数据主要内容包括完成仪器效应改正、宇宙线去除、光谱追迹过程后的单次曝光的积分视场光谱数据。
275,系外行星成像星冕仪1级数据的主要内容是什么？,系外行星成像星冕仪1级数据主要内容包括完成仪器效应改正、宇宙线去除、背景光去除的单幅图像数据，以及mask图像数据。
276,什么是流量定标的精度？,流量定标的精度是指通过测量和校准，确定天体流量测量值的准确性，用随机差（RMS）来量化，表示测量值与其真实值之间的偏差程度。
277,多色成像数据处理指标要求流量定标的精度达到多少？,"多色成像数据处理指标要求流量定标的精度在g, r, i, z波段达到≤1%（RMS随机差），u波段≤2%，NUV波段和y波段≤5%。"
278,多色成像数据处理中PSF重构的指标要求是什么？,多色成像数据处理对PSF重构的指标要求是PSF椭率（二阶矩定义）误差≯10^-4，PSF特征半径（二阶矩定义）相对误差≯1‰。
279,天体测量数据处理技术指标中点源目标的定位精度是多少？,天体测量数据处理技术指标中点源目标的定位精度达到g波段0.5毫角秒@20mag（精度为单倍随机误差RMS）。
280,无缝光谱数据处理指标要求中光谱红移精度是多少？,无缝光谱数据处理指标要求中，在巡天主要红移区间z=0.5-1.5，对于发射线星系，光谱红移精度的归一化标准偏差（σNMAD）平均≯0.005；对于宁静星系，σNMAD平均≯0.01。对于z<0.5星系红移测量精度平均≯0.003。
281,多通道成像仪数据处理指标要求是什么？,多通道成像仪数据处理指标要求在紫外和可见光极深场的3个波段累积观测中，≥1个波段的极深场极限星等≥30等，其余2个波段的极限深度平均≥29等；点源目标天球位置的定标精度达到r波段0.5毫角秒@20mag，流量定标的精度达到所有波段≤2% (1%系统偏差，1%数据处理误差)。
282,IFS积分光谱的吸收线测量工作包的主要任务是什么？,IFS积分光谱的吸收线测量工作包的主要任务是对光谱进行吸收线拟合，拟合使用与IFS光谱波长覆盖范围相近的恒星光谱库，进而提取星系的恒星运动学参数，以及等值宽度等科学参数。
283,如何对IFS的空间像素合并后的光谱进行吸收线拟合？,对IFS的空间像素合并后的光谱进行吸收线拟合时，会利用与IFS光谱波长覆盖范围相近的恒星光谱库进行拟合，从而得到星系的恒星运动学参数，以及等值宽度等科学参数。
284,IFS积分光谱的发射线测量工作包采用了哪两种发射线拟合方式？,IFS积分光谱的发射线测量工作包采用了两种发射线拟合方式：1) 吸收线和发射线同时拟合；2) 积分光谱扣除利用吸收线工作包拟合得到的恒星连续谱，只留存发射线信息做拟合。
285,IFS积分光谱的星族分析工作包可以得到哪些参数？,IFS积分光谱的星族分析工作包可以得到年龄、金属丰度、尘埃消光、恒星质光比等参数。
286,IFS二级数据生成工作包的主要任务是什么？,IFS二级数据生成工作包的主要任务是将经过处理的IFS数据（包括恒星运动学参数、气体运动学参数、气体发射线流量、星族参数等）打包成fits文件，并经过质量检验和关键字索引后，存入数据库，作为IFS数据处理软件的标准二级数据发布。
287,IFS二级数据生成工作包包含了哪些功能模块？,IFS二级数据生成工作包包含了吸收线特征拟合、发射线特征测量、星族特征测量等功能模块。
288,什么是星冕仪数据处理流水线？,星冕仪数据处理流水线是对星冕仪0级数据（原始观测数据）进行处理的一系列流程，包括图像筛选和评估、仪器效应修正、观测效应修正等功能，经过处理后得到去除仪器效应和观测效应的星冕仪1级图像数据。
289,星冕仪数据处理系统0-1级功能主要有哪些？,星冕仪数据处理系统0-1级功能主要包括数据质量检查及标记、参考图像评估和处理、仪器效应修正、天空背景处理、宇宙线标记和1级数据生成等。
290,星冕仪数据处理流水线包括哪些次级流水线？,星冕仪数据处理流水线包括图像评估流水线、参考图像处理流水线、仪器效应改正流水线和观测效应处理流水线等次级流水线。
291,数据可用性标记及分类工作包的功能是什么？,数据可用性标记及分类工作包的功能是针对经过QC0判断后的数据图像和参考图像，根据图像噪声及PSF等信息对图像质量进行评估，识别出低质量图像，并对输入图像进行识别和分类。
292,参考图像处理工作包主要对哪些图像进行处理？,参考图像处理工作包主要针对本底、暗场、平场、背景等参考图像进行合并、建模、仪器效应修正等操作，生成星冕仪1级数据中的参考图像数据。
293,仪器效应改正流水线的主要任务是什么？,仪器效应改正流水线的主要任务是利用输入的参考图像，对科学图像进行overscan、本底校正、暗场扣除、CTE、平场校正等处理，以消除或降低仪器效应对观测数据的影响。
294,观测效应处理流水线包含哪些处理步骤？,观测效应处理流水线包含背景扣除和宇宙线标记等处理步骤，对科学图像进行进一步的处理，以消除或降低观测效应对观测数据的影响。
295,星冕仪数据处理软件如何生成1级数据？,星冕仪数据处理软件通过图像评估、参考图像处理、仪器效应改正和观测效应处理等流水线处理步骤，对0级数据进行处理，最终生成去除仪器效应和观测效应的星冕仪1级图像数据。
296,表10.172是什么模块的模块列表？,表10.172是在轨定标-MCI的点扩散函数工作包模块列表。
297,表10.175包含了哪些工作包模块？,表10.175包含了在轨定标-MCI的探测器本底与噪声工作包模块列表。
298,表10.177是哪个工作包的模块列表？,表10.177是在轨定标-IFS的内部光谱灯定标工作包模块列表。
299,在轨定标-IFS的哪些工作包与探测器相关？,在轨定标-IFS中与探测器相关的工作包包括探测器PTC工作包、探测器监测工作包、探测器本底与噪声工作包、探测器暗电流工作包等。
300,表10.182列出了哪项工作包的模块？,表10.182列出了在轨定标-IFS的外部光谱波长定标工作包模块。
301,哪个模块与IFS的定位工作相关？,IFS的定位工作相关的模块是在轨定标-IFS中的IFS定位工作包模块。
302,表11.1是关于什么的工程仿真工作包？,表11.1是关于望远镜的工程仿真工作包。
303,表11.6的MCI图像仿真工作包包含了哪些模块？,表11.6的MCI图像仿真工作包模块列表在文档中未直接给出，因此无法从文档中直接找到答案。
304,IFS仿真软件工作包在表11的哪个位置？,IFS仿真软件工作包在表11的列表中是表11.7。
305,表12.1列出了哪些外部接口？,表12.1列出了数据处理系统的外部接口。
306,表12.2提到了哪些系统之间的输入输出接口？,表12.2提到了科学数据处理系统与有效载荷运控管理系统的输入输出接口。
307,CSST科学观测的0级数据产品表在哪张表中？,CSST科学观测的0级数据产品表在表14.1中。
308,哪些数据处理功能要求与巡天模块无缝光谱数据处理相关？,与巡天模块无缝光谱数据处理相关的数据处理功能要求在表14.6中列出。
309,哪个模块与多通道成像仪的数据处理功能要求相关？,与多通道成像仪的数据处理功能要求相关的模块在表14.7中列出。
310,表14.11包含了哪些在轨定标数据处理的功能要求？,表14.11包含了在轨定标数据处理的功能要求可追踪性列表。
311,多色成像星系红移计算工作包的主要内容是什么？,多色成像星系红移计算工作包的主要内容是关于星系红移的计算。
312,多色成像强引力透镜源计算工作包在哪个部分？,多色成像强引力透镜源计算工作包位于相关的工作包列表中，具体页码未在文档中提及。
313,多色成像恒星参数计算工作包涉及哪些内容？,多色成像恒星参数计算工作包涉及恒星参数的计算。
314,什么是天测单帧图像目标检测识别工作包？,天测单帧图像目标检测识别工作包是负责在单帧的天测图像中检测并识别目标的天文数据处理工作包。
315,天测多历元位置数据解算BCRS下天体方向、距离、自行参数的工作包是什么？,天测多历元位置数据解算BCRS下天体方向、距离、自行参数的工作包是专门用于处理和分析多历元位置数据，以求解在BCRS（Barycentric Celestial Reference System）坐标系下天体的方向、距离和自行参数的工作包。
316,无缝光谱0级数据可用性标记工作包的主要功能是什么？,无缝光谱0级数据可用性标记工作包的主要功能是标记无缝光谱0级数据的可用性。
317,无缝光谱精确位置定标工作包包含哪些步骤？,无缝光谱精确位置定标工作包包含的步骤并未在文档中明确给出，但一般可能包括数据采集、位置校正、定标参考源的选择和校准等步骤。
318,基于目标源的一维光谱抽取工作包如何工作？,基于目标源的一维光谱抽取工作包的工作流程可能包括目标源的选择、光谱数据的提取、数据处理和分析等步骤，以获取目标源的一维光谱信息。
319,无缝光谱红移优化测量工作包的作用是什么？,无缝光谱红移优化测量工作包的作用是通过优化算法对无缝光谱的红移进行更精确的测量。
320,无缝光谱恒星参数测量工作包有哪些关键内容？,无缝光谱恒星参数测量工作包的关键内容包括对恒星参数如温度、亮度、质量等的测量和分析。
321,无缝光谱高精度流量定标工作包的具体流程是什么？,无缝光谱高精度流量定标工作包的具体流程未在文档中明确给出，但通常可能包括光源选择、数据采集、流量校准、数据分析等步骤。
322,多通道成像仪数据处理主要包括哪些功能？,多通道成像仪数据处理主要包括图像评估、位置定标、流量定标、星表提取等功能。
323,0级处理流水线-图像评估流水线主要做什么？,0级处理流水线-图像评估流水线主要负责对初始的（0级）图像数据进行质量评估。
324,单次曝光图像处理-仪器效应改正工作包包含哪些步骤？,单次曝光图像处理-仪器效应改正工作包可能包含对单次曝光图像中的仪器效应进行识别、建模和改正的步骤。
325,超深场图像合并工作包的主要作用是什么？,超深场图像合并工作包的主要作用是将多个单次曝光的超深场图像进行合并，以提高图像的深度和质量。
326,天体测量中，天体三维位置运动等参数及其误差的天体测量分为哪几级？,天体测量中，天体三维位置运动等参数及其误差的天体测量分为1级和2级。其中1级包括坐标系转换、高精度定心、星表匹配、天测相对定位和太阳系快速移动目标的检测识别等功能；2级则包括高精度单帧图像相对定位、高精度天体测量和太阳系快速移动天体轨道参数确定等功能。
327,天体测量中，对于不同密度星场图像的目标检测、高精度定心和天体测量方法有何区别？,对于不同密度星场图像，天体测量采用的目标检测、高精度定心和天体测量方法有所区别。低密度星场、中等密度星场以及高密度星场分别采用不同的方法进行处理，以应对不同图像密度的特点。
328,什么是GCRS和BCRS下的天球坐标？,GCRS（Geocentric Celestial Reference System）是以地心为中心的天球坐标系统，常用于描述天体相对于地球的位置和运动。BCRS（Barycentric Celestial Reference System）是以太阳质心为中心的天球坐标系统，用于描述天体在太阳系中的位置和运动。
329,太阳系快速移动天体的检测识别是如何进行的？,太阳系快速移动天体的检测识别主要基于图像上探测到的天体的位置和运动特性。通过与外部参考星表进行交叉匹配，探测到的新目标天体经过数据质量控制后，将形成源表并发出预警，启动地面后随跟踪。
330,什么是无缝光谱系统流水线的主要任务？,无缝光谱系统流水线的主要任务是将主巡天无缝光谱探测器的0级科学数据进行处理，生成1级和2级科学数据。这包括利用参考图像和参数文件进行仪器效应改正、光谱抽取、星表制作等一系列处理过程。
331,无缝光谱系统流水线需要哪些参考图像和参数文件？,无缝光谱系统流水线需要使用的参考图像和参数文件包括偏置（bias）、不同波长的平场数据（flat）、暗场（dark）、串扰系数（crosstalk）等。这些文件在地面测试阶段提供基础参数，并通过在轨定标数据进行定期更新。
332,无缝光谱数据处理中，如何对未定标的1级科学数据进行位置定标？,对未定标的1级科学数据进行位置定标的过程包括两步：首先，通过多色成像探测器与无缝光谱探测器的相对位置进行初次定标；其次，结合整个靶面所有探测器进行二次定标，计算得到整个靶面的物理位置与天球坐标的投影映射。
333,什么是伪直接成像数据，它在无缝光谱处理中起什么作用？,伪直接成像数据是基于多色成像数据生成的与无缝光谱观测图像相匹配的数据。它在无缝光谱处理中起到辅助作用，帮助进行光谱抽取和星表制作等处理过程。
334,在无缝光谱处理中，主要采用了哪两类方法进行光谱抽取？,在无缝光谱处理中，主要采用了两类方法进行光谱抽取，分别是基于目标源的一维光谱抽取和基于正向建模的一维光谱抽取。
335,1级和2级数据合并的主要目的是什么？,1级和2级数据合并的主要目的是将各类1级和2级数据进行整理合并，形成合并后的数据，作为定期数据释放的产品。这包括二维光谱图像、参考图像数据、伪直接成像数据、点扩散函数图像网格、一维光谱科学数据、星表等多种数据类型。
336,多色成像0级数据处理有哪些主要功能？,多色成像0级数据处理的主要功能包括多色成像0级数据可用性标记检查和图像评估。其中，图像评估根据外部参考星表对图像进行评估和分类，为天体测量提供图像质量信息。
337,天体测量1级数据处理中，如何实现坐标系转换？,天体测量1级数据处理中，实现坐标系转换的功能主要是将不同坐标系（如ICRS、BCRS、GCRS等）进行相互转换，以便在数据处理过程中使用统一的坐标系统。
338,流水线编号KSC-SJ2-PL1-02是什么流水线的编号？,流水线编号KSC-SJ2-PL1-02是无缝光谱伪直接成像图像流水线的编号。
339,无缝光谱伪直接成像图像流水线处理流程主要包括哪些步骤？,无缝光谱伪直接成像图像流水线处理流程主要包括检查天区覆盖、伪直接成像生成、经过初步位置定标后的1级二维光谱处理、PSF均匀化后的无缝光谱二维图像和伪直接成像图像等步骤。
340,什么是无缝光谱精确处理流水线？,无缝光谱精确处理流水线是从数据库获取经过初步位置定标后的1级二维光谱和此次观测的无缝光谱同时曝光的多色成像图像，进行无缝光谱精确位置定标，更新1级二维光谱图像，最后得到精确位置定标的二级图像并存入数据库的流程。
341,无缝光谱精确位置定标是如何进行的？,无缝光谱精确位置定标是通过获取经过初步位置定标后的1级二维光谱和无缝光谱同时曝光的多色成像图像，进行位置定标的精确处理，更新1级二维光谱图像，从而得到精确位置定标的二级图像。
342,什么是2级处理流水线？,2级处理流水线是在经过1级处理流水线的各条流水线后，对单次曝光图像和星表以及特殊图像的1级数据图像进行进一步处理，加工获得高级数据产品（1-2级）的流程。
343,多色成像2级处理流水线的主要目的是什么？,多色成像2级处理流水线的主要目的是基于单次曝光图像和星表以及特殊图像的1级数据图像，通过图像合并、星表提取、天体分类和恒星参数估计等步骤，探测到更多的暗弱天体，对高红移天体获得更准确的形态参数，生成各种高级数据产品。
344,合并星表流水线是如何工作的？,合并星表流水线的工作方式是基于获得的单次曝光测光星表，对单波段的多次观测进行合并形成单波段合并星表，最后针对多波段的数据获得合并的信噪比更高的多波段测光星表，作为2级数据产品存入数据库。
345,PSF均匀化星表流水线的主要功能是什么？,PSF均匀化星表流水线的主要功能是基于单次曝光图像星表提取的另一种方案，采用同一天区不同滤光片的星系1级图像数据，进行多波段PSF均匀化分析，提取多波段测光数据，最终生成PSF均匀化测光星表。
346,合并图像数据流水线的主要任务是什么？,合并图像数据流水线的主要任务是使用同一天区相同波段（可能来自不同探测器）的多次观测图像，进行图像合并，合并后的结果为合并图像数据文件，相应的元数据保存到数据库中。
347,星系红移流水线是如何从多波段合并星表中提取星系红移的？,星系红移流水线从多波段合并星表中提取河外星系的多色信息，通过星系红移算法生成星系红移星表，并存入数据库中。
348,强引力透镜源表生成流水线是如何工作的？,强引力透镜源表生成流水线扫描全部可用天区的所有滤光片图像数据，证认强引力透镜事件，并形成强引力透镜数据源表，存入数据库。
349,恒星参数生成流水线是如何估计恒星的大气参数的？,恒星参数生成流水线使用全部可用天区合并的测光星表（包含7个颜色），估计其中恒星的大气参数，生成恒星大气参数星表。
350,什么是高精度流量定标流水线？,高精度流量定标流水线是使用多次曝光科学图像星表和结合基于Gaia等巡天数据构建空间站测光系统标准星表经过高精度流量定标得到CSST整个测光系统的响应曲线，并存入数据库。
351,XTENSION的值是什么？,XTENSION的值为IMAGE，表示这是一个图像扩展。
352,BITPIX的数据类型是什么？,BITPIX的值为-64，表示这是一个64位浮点数的数据类型。
353,NAXIS表示的是什么？,NAXIS表示的是数组维度的数量，其值为2，意味着这是一个二维数组。
354,NAXIS1和NAXIS2分别代表什么？,NAXIS1代表数组的第一个维度的大小，其值为2。NAXIS2代表数组的第二个维度的大小，其值为16384。
355,DATE-OBS表示什么日期？,DATE-OBS表示的是观测开始的日期，即2024-08-17T06:05:12。
356,UTCSTART和UTCEND分别是什么时间？,UTCSTART和UTCEND都表示的是相应数据开始和结束曝光的日期时间，其值均为2024-08-17T06:05:12。
357,PROID是什么的缩写？,PROID是项目ID的缩写，具体为PI_OBJECT_SCIENCYOBJ。
358,SRCTYPE的值是什么？,SRCTYPE的值为single，表示源类型为单源。
359,TELVPA代表望远镜的什么属性？,TELVPA代表望远镜的视轴垂直位置角，其值为23.4235。
360,CHOPPING、NODDING和SCANNING的布尔值分别代表什么？,CHOPPING的布尔值为TRUE，表示在切换到黑体（冷）时该值为真。NODDING的布尔值为TRUE，表示在切换到背景信号时该值为真。SCANNING的布尔值为TRUE，表示在OTF模式（可能指开普勒望远镜的Off-The-Focal-Plane模式）下操作时该值为真。
361,SCANNUM的数值表示什么？,SCANNUM的数值为30，表示在每个“开”周期内的“关”周期数。
362,TRACERR为True时表示什么？,当TRACERR为True时，表示存在跟踪误差的标志。
363,DATATYPE的值是什么？,DATATYPE的值为SPECTRAL，表示数据类型为光谱数据。
364,LO_LOCK的布尔值表示什么？,LO_LOCK的布尔值为TRUE，表示振荡器是稳定的。
365,BEFF、FOREFF分别代表什么效率？,BEFF代表波束效率，FOREFF代表前向效率，它们都是用来描述望远镜性能的重要参数。
366,积分视场光谱仪的0级数据包含哪两个探测器的数据？,积分视场光谱仪的0级数据包括1个4096*4112的蓝端探测器和1个6144*6160的红端探测器的数据。
367,CSST主巡天多色成像模块的探测器总数是多少？,CSST主巡天多色成像模块总共有31个9216×9232的探测器。
368,1级数据产品中的图像类型描述字符串有哪些？,1级数据产品中的图像类型描述字符串包括IMG、WHT、FLG等，分别对应科学图像、权重图像和特征位图像。
369,CSST主巡天无缝光谱模块的1级数据是如何命名的？,CSST主巡天无缝光谱模块的1级数据文件名命名规则与多色成像相同，通过文件主名的最后三位字符串用于区分文件类型，如IMG、WHT等。
370,什么是多通道成像仪的1级/2级数据？,多通道成像仪的0级数据经过预处理之后的数据对象称为1级/2级数据。
371,多通道成像仪的1级数据文件名命名规则是什么？,多通道成像仪的1级数据文件名命名规则如CSST_MCI_channel_type_yyyymmddHHMMSS_obsid_filter_L1_WHT.fits，其中包含了通道编号、目标类型、观测日期时间、观测编号和滤光片编号等信息。
372,积分视场光谱仪(IFS)的1级数据处理流程包括哪些软件流水线？,积分视场光谱仪(IFS)的1级数据处理流程包括两条软件流水线：RSS流水线（用于单次曝光图像位置定标）和CUBE流水线（用于生成天体光谱数据立方）。
373,IFS的1级数据产品主要有哪些数据类型？,IFS的1级数据产品主要包括RSS数据对象（单次曝光处理）、CUBE数据对象（多幅单次曝光叠加后生成）和一级参考数据对象。
374,RSS数据对象主要指的是什么？,RSS数据对象是指把红蓝两个探测器产生的0级数据对象，在完成探测器效应改正、平场改正、宇宙线扣除、位置定标等处理后生成的数据对象。
375,CSST主巡天多色成像模块的1级数据文件存储在哪些文件夹？,CSST主巡天多色成像模块的1级数据文件将存储在类似<DFS>/L1/MSC/SCIE/61605/10160000000/文件名的路径下。
376,多通道成像仪的1级数据中的权重图像是如何生成的？,多通道成像仪的1级数据中的权重图像是在原始图像（raw image）经过探测器效应改正、平场改正、宇宙线扣除、位置定标和流量定标后生成的。
377,什么是IFS的RSS数据对象？,IFS的RSS数据对象是指把红蓝两个探测器产生的0级数据对象，在完成探测器效应改正、平场改正、宇宙线扣除、位置定标等处理后生成的单次曝光处理数据对象。
378,什么是积分视场光谱仪模块(IFS)的CUBE数据对象？,IFS的CUBE数据对象是指通过对多幅单次曝光叠加后生成的天体光谱数据立方。
379,IFS的1级参考数据对象在哪里有详细定义？,IFS的1级参考数据对象将在《CSST定标参考数据定义》文档中进一步明确定义。
380,多通道成像仪模块(MCI)的探测器大小是多少？,多通道成像仪模块(MCI)的探测器大小为9216×9332。
381,图10.44表示的是什么工作的流程图？,图10.44表示的是前景星识别工作包的流程图。
382,多色成像密集星场二次位置定标工作包流程图的编号是多少？,多色成像密集星场二次位置定标工作包流程图的编号是图10.45。
383,图10.46展示了哪个工作包的流程图？,图10.46展示了多色成像识别大星系图像工作包的流程图。
384,图10.47描述的是哪个图像工作包的流程图？,图10.47描述的是多色成像识别星云图像工作包的流程图。
385,多色成像星系团建模工作包流程图的编号是多少？,多色成像星系团建模工作包流程图的编号是图10.48。
386,图10.50的流程图是关于什么的？,图10.50的流程图是关于多色成像合并星表提取工作包的。
387,多色成像2级数据可用性标记工作包流程图在图几？,多色成像2级数据可用性标记工作包流程图在图10.51。
388,图10.52是什么工作的流程图？,图10.52是天区观测覆盖分析工作包的流程图。
389,多色成像天体分类工作包流程图在哪张图中？,多色成像天体分类工作包流程图在图10.53。
390,多色成像合并图像工作包流程图是在哪张图？,多色成像合并图像工作包流程图是在图10.55。
391,图10.56展示的是哪个工作包的流程图？,图10.56展示的是多色成像星系红移计算工作包的流程图。
392,图10.57中描述的是哪个计算工作包的流程图？,图10.57中描述的是多色成像强引力透镜源计算工作包的流程图。
393,多色成像恒星参数计算工作包流程图是在哪张图？,多色成像恒星参数计算工作包流程图是在图10.58。
394,图10.82表示的是什么数据处理的整体流水线图？,图10.82表示的是MCI数据处理的整体流水线图。
395,MCI图像评估流水线是在哪张图中描述的？,MCI图像评估流水线是在图10.83中描述的。
396,过内插构建PSF的主要目的是什么？,过内插构建PSF的主要目的是为了更精确地描述和模拟望远镜系统的点扩散函数（PSF），这在进行高精度天文图像处理和分析时至关重要，可以帮助准确提取天体信息、进行源识别、以及提升图像质量。
397,什么是多波段PSF匹配？,多波段PSF匹配是指在处理多波段天文观测数据时，为了使各波段数据间的测量和分析结果更为一致和可靠，需要将不同波段的PSF调整到相近或相同的形态和尺度，这个过程就称为多波段PSF匹配。
398,如何进行全波段PSF均匀化操作？,全波段PSF均匀化操作是通过一系列图像处理和计算技术，将多个不同波段的PSF调整到相似的形态和尺度，使得多波段图像数据可以在统一的PSF下进行分析和处理，以提高测量的准确性和一致性。
399,什么是全波段联合测光？,全波段联合测光是指利用多波段的天文观测数据，综合考虑各个波段的光谱能量分布，对天体进行联合的测光分析。这种方法可以充分利用多波段数据提供的信息，更准确地测定天体的光度、颜色、温度等物理参数。
400,什么是deblending处理？,Deblending处理是在天文图像处理中用来区分和分离重叠天体的过程。当天体在图像上重叠时，它们的图像会相互干扰，导致难以单独测量。通过deblending处理，可以更准确地将重叠天体的图像分离出来，从而进行独立的测量和分析。
401,如何对两幅同一滤光片拍摄图像进行合并？,对两幅同一滤光片拍摄图像进行合并时，通常需要考虑图像的曝光时间、噪声水平、背景等因素。可以通过图像叠加或平均的方法来提高信噪比、消除噪声和宇宙射线等干扰，从而得到更高质量的合并图像。
402,多色成像星系红移计算工作包的主要功能是什么？,多色成像星系红移计算工作包的主要功能是利用多波段的天文观测数据，通过拟合星系的光谱能量分布（SED）或利用特定算法（如模板匹配等），来计算星系的红移值。这有助于研究星系的演化、大尺度结构以及宇宙学等问题。
403,多色成像强引力透镜源计算工作包中如何搜索强引力透镜？,在多色成像强引力透镜源计算工作包中，通常使用人工智能算法（如机器学习、深度学习等）来搜索强引力透镜事件。这些方法可以自动识别和提取出具有典型强引力透镜特征的图像区域，如多个扭曲、放大的背景星系等，进而进行更深入的分析和测量。
404,恒星参数测量工作包的输入和输出是什么？,恒星参数测量工作包的输入通常是经过处理的恒星图像数据，包括位置、亮度、颜色等信息。输出则是经过测量和分析得到的恒星参数，如温度、光度、半径、质量、化学组成等，这些参数有助于我们更深入地了解恒星的物理性质和演化过程。
405,高精度流量定标工作包是如何确定CSST测光系统响应曲线的？,高精度流量定标工作包在确定CSST测光系统响应曲线时，首先会构建一个包含各种类型恒星的标准星表，并利用这些恒星作为流量定标的基准。然后，通过精确测量这些恒星的光谱和光度，并与标准星表进行比对和校准，最终确定CSST测光系统的响应曲线。这个过程可能需要多次迭代和优化，以确保响应曲线的准确性和可靠性。
406,天测单帧图像目标检测识别工作包使用了哪些方法？,天测单帧图像目标检测识别工作包在处理图像时，针对不同情况采用了不同的方法。对于非密集星场，通常使用连通区域法或类似算法来提取目标。对于密集星场，可能需要采用更复杂的算法，如密集星场背景扣除方法和目标检测方法，以确保在密集环境下也能准确识别和提取目标。
407,Flat改正后的图像主要对什么进行改正？,Flat改正后的图像主要对探测器不同像素间对光子响应的差异进行改正。
408,什么是图像响应的差异？,图像响应的差异是指探测器不同像素间对相同强度光子的响应差异，这种差异会导致图像中的不均匀性，需要通过Flat改正来消除。
409,宇宙线改正后图像主要处理了哪些问题？,宇宙线改正后图像主要处理了图像中的宇宙线干扰问题，宇宙线是宇宙空间中的高能粒子，会在探测器上产生噪点，宇宙线改正过程会识别这些噪点并进行修正。
410,非线性改正针对的是什么效应？,非线性改正针对的是光电转换中的非线性效应，即当光信号转换为电信号时，电信号与光信号之间的响应关系不是线性的，需要进行非线性改正以准确反映光信号强度。
411,卫星干扰条纹探测及改正的目的是什么？,卫星干扰条纹探测及改正的目的是为了消除或减弱图像中由卫星等天体产生的条纹干扰，这些条纹可能会影响图像的清晰度和测量精度。
412,多色成像目标检测工作包的主要功能是什么？,多色成像目标检测工作包的主要功能是对单幅图像进行目标探测并测量基本的目标信息，包括位置、流量和基本形态信息，为后续的位置定标和流量定标做准备。
413,位置定标工作包的主要任务是什么？,位置定标工作包的主要任务是对仪器效应改正后单次曝光的科学图像完成位置定标，通过一系列的测量和计算得到图像中每个目标在天球坐标系中的准确位置。
414,在多色成像流量定标工作包中，首先要做什么？,在多色成像流量定标工作包中，首先要进行测光星表的位置信息更新，得到相同天区位置处的参考星表，为后续的流量定标计算做准备。
415,多色成像单次曝光星表提取工作包主要做哪些工作？,多色成像单次曝光星表提取工作包主要负责在完成定标后的单次曝光图像上对天体目标源进行探测，并对这些目标源进行各种类型的测光，最终获得单次曝光科学图像星表。
416,天光背景估计在多色成像单次曝光星表提取中的作用是什么？,天光背景估计在多色成像单次曝光星表提取中起着关键作用，它可以帮助去除图像中的天光背景，使得目标源的测光更加准确。
417,多色成像1级数据可用性标记工作包的主要目标是什么？,多色成像1级数据可用性标记工作包的主要目标是确保多色成像1级数据处理过程中没有出现显著影响多色成像2级数据结果的错误，使得1级数据结果满足2级数据生成观测源表的需求。
418,密集星场目标检测工作包处理的对象是什么？,密集星场目标检测工作包处理的对象是恒星数目超过一定密度的星场，如恒星数目超过1000万/平方度的星场，它需要对这些星场中的目标进行准确探测和标记。
419,密集星场混叠分析的作用是什么？,密集星场混叠分析的作用是评估星场中目标的混叠程度，即多个目标因过近而无法被单独识别的程度，并给出混叠情况的标记和严重混叠区的掩码图像。
420,多色成像密集星场初步位置定标工作包使用哪种方式进行位置定标？,多色成像密集星场初步位置定标工作包使用与标准星场位置定标相同的方式进行位置定标，包括目标探测、星表构建、畸变改正等步骤。
421,级图像的精确位置信息是如何获取的？,从文档中找不到答案。
422,如何获取无缝光谱2级图像的精确位置信息？,从文档中找不到答案。
423,基于目标源的一维光谱抽取工作包是什么？,基于目标源的一维光谱抽取工作包是针对仪器效应改正后的光谱图像进行1维光谱提取的。首先，扣除天光背景；然后判断密集星场并进行近邻背景天光扣除；接着基于配置文件实现光谱图像的波长定标、流量定标、flat field cube改正，并抽取出一维光谱；还可以选择高斯发射模型或者流量多维数据集模型加权抽谱；最后，生成stamp图像文件。
424,基于主天光参考文件进行天光背景扣除的方法是什么？,基于主天光参考文件进行天光背景扣除的方法是使用主天光参考文件对光谱图像中的天光背景进行扣除。
425,密集星场是如何进行近邻背景天光扣除的？,密集星场的近邻背景天光扣除是基于近邻区域天光背景生成的临时文件进行扣除的。
426,如何实现光谱图像的波长定标、流量定标和flat field cube改正？,光谱图像的波长定标、流量定标和flat field cube改正是基于配置文件实现的，通过这些校正步骤，可以提高光谱数据的精度和准确性。
427,提取一维光谱时可以选择哪两种加权抽谱模型？,提取一维光谱时可以选择高斯发射模型或者流量多维数据集模型进行加权抽谱。
428,基于PSF一维光谱抽取工作包的任务是什么？,基于PSF一维光谱抽取工作包的任务是对已经做了WCS、平场、CTE等改正之后的无缝光谱图像进行抽谱，即将无缝光谱数据从2D转换为1D。
429,正向建模一维光谱抽取工作包主要针对什么类型的光谱图像进行分析？,正向建模一维光谱抽取工作包主要针对仪器效应改正后的光谱图像进行正向建模分析。
430,如何在正向建模一维光谱抽取过程中制作morphological kernel？,在正向建模一维光谱抽取过程中，制作morphological kernel是基于多色成像观测生成的0级像星表和对应的源的segmentation map来完成的。
431,无缝光谱的粗分类与红移测量工作包主要针对哪些类型的目标源？,无缝光谱的粗分类与红移测量工作包主要针对无缝光谱2级一维光谱数据，进行自动分类与红移测量，分类结果为恒星，星系，类星体，其它。
432,数据检查模块在无缝光谱的粗分类与红移测量工作包中负责什么？,数据检查模块在无缝光谱的粗分类与红移测量工作包中负责检查一维光谱对应星表、一维无缝光谱数据、探测器轮廓、目标源轮廓以及光谱模板库的数据完备性和质量。
433,粗分类与红移测量工作包如何进行光谱的红移优化测量？,粗分类与红移测量工作包通过红移优化测量工作包进行光谱的红移优化测量，该工作包对分类为星系与类星体的光谱进行光谱预处理与谱线检测，根据检测结果进行谱线拟合与谱线红移测量或SED红移测量。
434,发射线星系谱线测量工作包主要做什么？,发射线星系谱线测量工作包主要负责发射线星系谱线测量工作，输入发射线星系红移和一维光谱以及星系发射线线表，然后进行发射线星系谱线测量得到发射线测量星表，并作为2级数据存入数据库中。
435,无缝光谱恒星参数测量工作包使用了哪些方法进行恒星参数的测量？,无缝光谱恒星参数测量工作包使用了卷积神经网络初步估计恒星大气参数作为模板匹配测量的初始值，随后通过模板匹配理论光谱获得恒星大气参数等信息的方法对恒星参数进行测量。
436,无缝光谱恒星参数测量工作包的编号是什么？,无缝光谱恒星参数测量工作包的编号是KSC-SJ2-PK-20。
437,无缝光谱高精度波长定标工作包的编号是什么？,无缝光谱高精度波长定标工作包的编号是KSC-SJ2-PK-21。
438,多通道成像仪数据处理的可追踪工作包有哪些？,多通道成像仪数据处理的可追踪工作包包括KSC-SJ5-PK-04（单次曝光图像处理-仪器效应改正工作包）、KSC-SJ5-PK-05（单次曝光图像处理-位置定标工作包）、KSC-SJ5-PK-06（单次曝光图像处理-流量定标工作包）、KSC-SJ5-PK-07（单次曝光星表提取工作包）等。
439,IFS 探测器效应改正工作包的编号是什么？,IFS 探测器效应改正工作包的编号是KSC-SJ6-PK-04。
440,IFS 流量定标工作包的主要功能是什么？,IFS 流量定标工作包的主要功能是对IFS（积分视场光谱仪）的数据进行流量定标处理，确保光谱数据中的流量值准确可靠。
441,IFS 数据处理中生成的是几级三维光谱数据立方体数据产品？,IFS 数据处理中生成的是1级三维光谱数据立方体数据产品。
442,超深场图像合并工作包的主要任务是什么？,超深场图像合并工作包的主要任务是将多次曝光的科学图像进行合并，生成深场图像数据，用于更深入的科学研究。
443,什么是系外行星成像星冕仪数据处理的主要功能？,系外行星成像星冕仪数据处理的主要功能是对观测数据进行仪器效应改正、背景光和宇宙线影响去除等处理，生成高质量的图像数据，用于系外行星的成像和探测研究。
444,太赫兹模块数据处理主要进行哪些修正？,太赫兹模块数据处理主要进行指向修正、频率和速度修正、位置修正以及效率修正，形成固定积分时间的标准谱线1级数据产品。
445,在轨定标数据处理的主要目的是什么？,在轨定标数据处理的主要目的是获取各焦面仪器的在轨定标数据，用于其他观测数据的处理，确保观测数据的准确性和可靠性。
446,多色成像流量定标的精度要求是多少？,"多色成像流量定标的精度要求在g, r, i, z 波段达到≤1%（RMS随机差），u 波段≤2%，NUV 波段和y 波段≤5%。"
447,多色成像数据处理的时间要求是什么？,多色成像数据处理的时间要求包括在曝光时间2×150s情况下，生成1级产品的处理时间≤24小时，生成面积1.1平方度的2级产品的处理时间≤72小时。
448,巡天模块天体测量数据处理的主要技术要求是什么？,巡天模块天体测量数据处理的主要技术要求包括点源目标天球位置的定位精度达到g波段0.5毫角秒@20mag，以及太阳系各类天体的定位精度等。
449,点源目标天球位置的定位精度是多少？,点源目标天球位置的定位精度达到g波段0.5毫角秒@20mag（精度为单倍随机误差RMS）。
450,太阳系各类天体的定位精度是如何描述的？,从文档中找不到关于太阳系各类天体定位精度的具体描述。
451,HDU4中存储的数据类型及其单位是什么？,HDU4 为数据元加权累计曝光时间，单位为秒（s）。
452,HDU2、3、4的数据矩阵大小与哪个HDU一致？,HDU2、3、4 数据矩阵大小与HDU1 一致。
453,HDU5中存储的LSF矩阵包含哪三个方面的信息？,HDU5 数据文件存储LSF 矩阵，矩阵大小为3*谱线数*CUBE 大小，3 中分别保存LSF 的σ，线心波长，误差。
454,HDU6的数据文件主要存储什么类型的矩阵？,HDU6 数据文件存储权重矩阵，供用户自行计算协方差矩阵，权重矩阵大小为CUBE 像素数*叠加次数。
455,HDU7存储了什么样的文件名？,HDU7 以table 形式存储参与叠加的RSS 的文件名。
456,COV类型对象文件中的primary HDU存储了什么内容？,COV 类型对象文件中primary HDU 存储头文件，头文件内容同SCI 对象。
457,HDU1在COV类型对象文件中存储了什么？,COV 类型对象文件中HDU1 存储压缩后协方差数据矩阵。
458,表13中提到的IFS CUBE数据SCI类型对象中的MASK标记位是什么？,IFS CUBE 数据SCI 类型对象中的MASK 标记位（CUBE_MASK）用于标识不同的特征，如空数据元、坏数据元、差数据元等。
459,表14描述了哪种数据的MASK图像的对应特征？,表14 描述了DR 数据中的MASK 图像的对应特征，包括坏数据元、热数据元、暖数据元、饱和溢出数据元、宇宙线数据元和卫星拖尾数据元等。
460,DR文件中包含多少个HDU？,从文档中无法直接找到DR文件中包含多少个HDU的确切数字，但提到DR 文件对象包含多个HDU。
461,在DR数据中，HDU1之后的data主要包含什么内容？,在DR 数据中，HDU1 之后的data 均为原始数据经过0-1 级流水线后的对应结果图像以及相对应的MASK 图像。
462,HSTDM的1级数据产品文件包括哪三种文件对象？,HSTDM 的1 级数据产品文件包括校准处理类型数据CAL、质量控制数据QCP 和经DPL1 处理后的1 级科学数据PDP，三种文件对象。
463,QCP文件对象包含几层HDU？,QCP 文件对象包含2 层HDU。
464,"表15中的""SIMPLE""关键字在FITS头文件中代表什么？","""SIMPLE"" 关键字在FITS 头文件中代表该文件符合FITS 标准。"
465,"HDU0的关键字""OBJ_RA""和""OBJ_DEC""分别代表了什么信息？","HDU0 的关键字""OBJ_RA"" 和""OBJ_DEC"" 分别代表了目标的天球赤道坐标系下的赤经（R.A.）和赤纬（declination）信息，单位为度。"
466,MCI流量定标工作包是什么？,MCI流量定标工作包是一个与MCI（可能是指某种测量或观测仪器）相关的处理流程，其具体内容未在提供的文本中明确给出，但图10.92指向了该工作包的详细描述或流程图。
467,MCI单次曝光星表提取的流程图是怎样的？,MCI单次曝光星表提取的流程图如图10.93所示，但具体内容和步骤未在此文本中详细提供。
468,MCI超深场图像合并的流程图是怎样的？,MCI超深场图像合并的流程图如图10.94所示，但具体内容和步骤未在此文本中详细提供。
469,MCI合并星表提取工作包是如何进行的？,MCI合并星表提取工作包的流程图如图10.95所示，但具体内容和步骤未在此文本中详细提供。
470,图10.96中的MCI图像相减工作包包括哪些步骤？,图10.96中的MCI图像相减工作包流程图描述了图像相减的步骤，但具体细节未在此文本中给出。
471,MCI暂现源alerts工作包的作用是什么？,MCI暂现源alerts工作包可能与识别和跟踪暂现天文事件有关，但具体作用和步骤未在此文本中明确给出。
472,IFS数据处理整体流水线的结构是怎样的？,IFS数据处理整体流水线的结构如图10.99所示，但具体步骤和子流水线的内容未在此文本中详细提供。
473,IFS 0级数据准备流水线结构包括哪些部分？,IFS 0级数据准备流水线结构如图10.100所示，但具体部分和细节未在此文本中详细给出。
474,IFS单次曝光处理流水线包含哪些步骤？,IFS单次曝光处理流水线的结构如图10.101所示，但具体步骤未在此文本中详细提供。
475,IFS多次曝光合成流水线是如何工作的？,IFS多次曝光合成流水线的结构如图10.102所示，但具体工作流程未在此文本中详细给出。
476,IFS 2级数据处理流水线的主要任务是什么？,IFS 2级数据处理流水线的结构如图10.103所示，其主要任务可能涉及对数据的进一步分析或处理，但具体任务未在此文本中明确给出。
477,IFS 0级数据索引标识工作包的结构是如何的？,IFS 0级数据索引标识工作包的结构如图10.104所示，但具体结构和功能未在此文本中详细提供。
478,IFS光谱成像位置追踪是如何进行的？,IFS光谱成像位置追踪工作包的结构如图10.108所示，但具体追踪方法和步骤未在此文本中详细给出。
479,IFS光谱抽取工作包的主要功能是什么？,IFS光谱抽取工作包的主要功能可能与从观测数据中提取光谱信息有关，但具体功能和步骤未在此文本中明确给出。
480,什么是快门效应改正图像生成？,快门效应改正图像生成是针对一组不同短曝光时间的平场图像，进行靶面进光量不均匀性分析，并给出快门效应改正图像。它主要计算不同曝光时长下快门开合造成的进光不均匀性，从而给出快门效应改正图像。
481,快门效应稳定性分析的主要目的是什么？,快门效应稳定性分析的主要目的是计算在监测期间，快门效应造成的进光不均匀性变化趋势，从而了解快门效应的长期稳定性。
482,地球平场参考图像生成及稳定性分析工作包的主要任务是什么？,地球平场参考图像生成及稳定性分析工作包的主要任务是针对观测地球亮面所获得的一组地球平场图像，进行合并生成地球平场图像，并对长期监测地球亮面所获得的多组地球平场图像进行平场稳定性分析。
483,退火数据处理及有效性分析工作包是如何评估退火效果的？,退火数据处理及有效性分析工作包通过对比退火前后拍摄的本底和暗场图像，统计热/坏像素、暗电流、读出噪声等指标，并评估退火过程对这些指标的改善程度，从而分析退火效果的有效性。
484,Post-Flash 参考图像生成的主要流程是什么？,Post-Flash 参考图像生成的主要流程是利用Post-Flash拍摄的暗场数据进行处理合并生成Post-Flash暗流，并对该暗流数值进行统计给出暗场水平统计结果。
485,光子响应线性度计算是如何进行的？,光子响应线性度计算是针对一组特定颜色采用不同曝光时间拍摄的平场/暗流和本底数据，通过计算分析获得探测器在该颜色下的光子响应线性度。
486,电荷转移效率计算及变化分析工作包的主要功能是什么？,电荷转移效率计算及变化分析工作包的主要功能是计算探测器的电荷转移效率，并通过对长期监测过程中采用EPER或FPR方法采集的类平场数据进行统计分析，分析电荷转移效率随时间的变化趋势。
487,如何监测分析南大西洋异常区穿越对探测器的影响？,监测分析南大西洋异常区穿越对探测器的影响是通过统计计算每次穿越南大西洋异常区前后拍摄的本底和暗流，分析本底和暗流水平随穿越次数变化的趋势。
488,异常关机后恢复情况的监测分析是如何进行的？,异常关机后恢复情况的监测分析是通过对异常关机又恢复后拍摄的一组本底和暗场图像进行检验分析，判断仪器是否可以进入正式科学观测模式。
489,图像质量及稳定性分析工作包包含哪些步骤？,图像质量及稳定性分析工作包包含两个主要步骤：一是针对在轨定标定期观测获得的多幅特定星场的图像，获取图像视场内PSF分布以及图像质量；二是针对长期监测获得的图像PSF模型及特征二维分布，分析图像PSF模型及图像质量随时间的长期变化。
490,焦面比例尺和畸变测量是如何实现的？,焦面比例尺和畸变测量是通过对在轨定标定期拍摄的一组特定星场原始图像数据进行统计分析，得到图像焦面比例尺、畸变、滤光片楔形等信息。
491,焦面比例尺和畸变的稳定性分析是做什么？,焦面比例尺和畸变的稳定性分析是通过对长期监测获取的多组图像焦面比例尺、畸变参数进行统计分析，了解这些参数随时间的变化情况。
492,测光零点测量及变化分析的主要输出是什么？,测光零点测量及变化分析的主要输出是各滤光片图像的测光零点、颜色改正项、透过率等信息。
493,在图像质量及稳定性分析中，如何获取图像PSF模型及特征二维分布？,在图像质量及稳定性分析中，获取图像PSF模型及特征二维分布是通过统计分析在轨定标定期观测获得的多幅特定星场的图像来完成的。
494,测光零点工作包（CPIC）是什么？,测光零点工作包（CPIC）是一个针对测光零点的专门工作包，但文档中没有给出具体细节，仅提到了该工作包的存在。
495,太赫兹模块有哪些性能监测工作包？,太赫兹模块有性能监测工作包（THz），但文档中没有提供关于该工作包的详细内容。
496,如何进行太赫兹模块频率精度定标？,文档提到了太赫兹模块频率精度定标工作包（THz），但具体如何进行定标并未在文档中给出。
497,什么是太赫兹模块观测效率定标工作包（IFS）？,太赫兹模块观测效率定标工作包（IFS）是针对太赫兹模块观测效率进行定标的工作包，但具体工作内容和流程未在文档中详细描述。
498,太赫兹模块指向定标工作包的主要功能是什么？,太赫兹模块指向定标工作包（IFS）的主要功能可能是对太赫兹模块的指向进行定标，但具体细节和目的未在文档中明确。
499,科学团队高级数据处理工具集成的主要任务是什么？,科学团队高级数据处理工具集成的主要任务是将各种高级数据处理工具集成到统一的系统中，以支持科学数据的处理和分析，但具体细节和集成内容未在文档中详细描述。
500,数据库和流水线运行管理包含哪些工作包？,数据库和流水线运行管理包含多个工作包，如数据库相关工作包和流水线运行管理相关工作包。但具体的工作包内容和功能未在文档中详细列出。
501,数据流管理API工作包主要负责什么？,数据流管理API工作包主要负责数据流的管理和控制，可能包括数据流的接收、存储、处理和传输等功能，但具体细节未在文档中明确。
502,天文查询、匹配算法工作包的功能是什么？,天文查询、匹配算法工作包的功能是进行天文数据的查询和匹配，可能涉及到天文数据库的搜索、数据比对和关联等功能，但具体细节和算法未在文档中详细描述。
503,流水线逻辑主控程序工作包是做什么的？,流水线逻辑主控程序工作包负责管理流水线的逻辑流程和控制，可能包括流程的定义、启动、暂停、恢复和终止等功能，但具体细节未在文档中明确。
504,如何进行流水线并行调度管理？,流水线并行调度管理是通过特定的策略和技术来实现流水线的并行处理。这可能包括任务的分配、调度、优先级设置和同步控制等功能，但具体的实现细节和策略未在文档中详细描述。
505,什么是需求可追踪性？,需求可追踪性是指在整个软件开发和数据处理过程中，能够追溯和验证每个需求是否被正确实现和满足的能力。这是确保软件或数据处理系统符合需求和期望的重要手段。
506,如何进行数据处理软件可追踪性分析？,数据处理软件可追踪性分析是通过分析软件的需求、设计、实现和测试等阶段，确保软件的功能、性能和其他特性满足预定的需求和期望。这可能包括功能要求可追踪性分析和技术要求可追踪性分析等步骤。
507,巡天模块多色成像数据处理涉及哪些功能要求？,巡天模块多色成像数据处理可能涉及的功能要求包括多色成像数据的接收、存储、预处理、特征提取、图像分析和结果输出等。但具体的功能要求细节未在文档中详细描述。
508,积分视场光谱仪数据处理的可追踪性分析涉及哪些方面？,积分视场光谱仪数据处理的可追踪性分析可能涉及功能要求可追踪性和技术要求可追踪性两个方面。功能要求方面可能包括数据的处理流程、算法和输出结果等；技术要求方面可能包括处理速度、准确性、稳定性和安全性等方面的要求。
509,数据格式MEF是什么？,数据格式为MEF，是用于存储和处理空间望远镜观测数据的标准格式。
510,无缝光谱仪器效应改正工作包流程图编号是什么？,无缝光谱仪器效应改正工作包流程图编号为KSC-SJ2-PK-03。
511,无缝光谱仪器效应改正工作包中有哪些主要模块？,无缝光谱仪器效应改正工作包中的主要模块包括Crosstalk效应改正、DQ初始化、Bias改正、CTE改正、DN转化为电子、图像拼接、Dark改正、Post flash改正、平场改正等。
512,Crosstalk效应改正的目的是什么？,Crosstalk效应改正的目的是改正读出中的crosstalk效应，即像素间的信号干扰。
513,什么是DQ初始化，它用于标记哪些类型的像素？,DQ初始化用于标记饱和像素和坏像素，以便在后续处理中做特殊处理。
514,Bias改正的主要功能是什么？,Bias改正的主要功能是扣除图像中的本底噪声，以得到更准确的观测数据。
515,CTE改正用于修正哪种效应？,CTE改正用于修正电荷转移效率（CTE）效应，即像素间电荷转移时产生的信号损失。
516,DN转化为电子的过程是如何进行的？,DN转化为电子的过程是通过将数字数（DN）与已知的增益系数相乘，得到电子数量。
517,图像拼接过程中会裁掉哪个区域的图像？,在图像拼接过程中，会裁掉overscan区域的图像，将多个图像块拼接成一个完整的观测图像。
518,Dark改正的目的是什么？,Dark改正的目的是扣除图像中的暗电流噪声，以提高图像的信噪比和观测质量。
519,Post flash改正涉及什么过程？,Post flash改正涉及从图像中扣除由闪光灯产生的额外信号，以减少其对观测数据的影响。
520,平场改正的目的是什么？,平场改正的目的是改正不同像素间对光子响应的差异，使图像中的亮度分布更加均匀。
521,无缝光谱0级目标探测工作包的主要任务是什么？,无缝光谱0级目标探测工作包的主要任务是获取天体0级像的位置信息，为无缝光谱初步位置定标做准备。
522,无缝光谱初步位置定标工作包中，定标使用的输入是什么？,无缝光谱初步位置定标工作包中，定标使用的输入是0级图像中天体的信息和来自多色成像的同次曝光的位置定标图像。
523,无缝光谱伪直接成像工作包是如何获得伪直接成像图像的？,无缝光谱伪直接成像工作包是通过截取和构建与无缝光谱图像相同视场的多色成像图像，进行相近波段的PSF匹配，获得相应的PSF均匀化后的无缝光谱二维图像和伪直接成像图像。
524,CSST原始数据经过哪些处理步骤后生成0级数据？,CSST原始数据经过数据提取，物理量转换，时间修正和添加相关标记生成0级数据。
525,《初步技术要求》规定了哪些后端模块的0级数据内容？,《初步技术要求》规定了主巡天模块、多通道成像仪、积分视场光谱仪、系外行星成像星冕仪和太赫兹模块等后端模块的0级数据内容，包括观测数据、定标数据、观测设定以及与观测相关的工程遥测数据等。
526,表1中提到的FITS是什么格式？,FITS是Flexible Image Transport System（普适图像传输系统）格式的缩写，用于存储天文图像和科学数据。
527,0级数据中包含哪些工程辅助数据类别？,0级数据中包含的工程辅助数据类别包括空间环境数据产品、工程勤务数据产品、有效载荷关键工程参数、任务辅助数据产品等。
528,0级数据文件存储的文件夹结构是如何建立的？,0级数据文件存储的文件夹结构根据从设备总体到不同终端的不同功能层层递进的原则建立，包括主巡天模块、多通道成像仪、积分视场光谱仪、星冕仪和太赫兹模块等文件夹。
529,主巡天模块中的探测器大小是多少？,主巡天模块中的探测器大小为9216×9232。
530,文件名命名规则中的PREFIX指的是什么？,文件名命名规则中的PREFIX指的是后端模块名称，包括两部分，第一部分是模块名称，第二部分是相机名称，两部分用下划线相连。
531,多通道成像仪（MCI）使用哪种设计来区分不同波长的光？,多通道成像仪（MCI）采用分色片和滤光轮设计来区分不同波长的光。
532,积分视场光谱仪（IFS）的探测器分别覆盖哪些波长范围？,文档中没有明确说明积分视场光谱仪（IFS）的探测器具体覆盖的波长范围，但提到了IFS终端有两块CCD探测器，按照光谱观测时候的波长覆盖范围分为蓝端和红端。
533,星冕仪模块中的可见光和红外相机如何响应曝光指令？,星冕仪模块的可见光和红外相机在接收到地面发送的曝光指令后，工作探测器（可见光／红外）会拍摄一幅或多幅图像，并存储在FITS文件中。
534,文件名命名规则中的X代表什么？,文件名命名规则中的X为补齐文件名格式，无实际信息。
535,0级数据文件中的数据需要进行哪些物理量转换？,0级数据文件中的数据需要进行物理量转换，如从星上时间转化为天文使用的儒略日期等。
536,什么是观测编号（obsid）在CSST数据处理中的角色？,观测编号（obsid）在CSST数据处理中用于标识和区分不同的观测任务和数据集。
537,工程辅助数据中的空间环境数据产品由谁提供？,工程辅助数据中的空间环境数据产品由科学与应用数据中心提供。
538,如何通过文件名确定观测目标的类型和曝光时间？,文件名中包含目标类型（如巡天观测SCI、定标模式DARK/BIAS/FLAT等）和观测日期时间（yyyymmddHHMMSS），可以通过这些信息确定观测目标的类型和曝光时间。
539,什么是图像处理流水线？,图像处理流水线是用于处理近邻大星系图像等的一系列自动化流程，涉及对图像数据的各种校正、检测和提取等操作，最终得到经过1级处理的图像数据。
540,近邻大星系图像在探测器中的像元需要如何处理？,近邻大星系图像在探测器中的像元需要进行标定，并建立mask图像予以标识，以便后续处理。
541,如何建立mask图像来标识近邻大星系图像中的像元？,mask图像的建立是通过特定的图像处理算法和技术，识别出近邻大星系图像中的特定像元（如恒星等），并在这些像元的位置上进行标记，形成mask图像。
542,完成标定后的图像按照什么标准进行处理？,完成标定后的图像按照标准的正常单次曝光图像流水线（KSC-SJ1-PL1-01）进行处理，包括进一步的校正、检测和提取等操作。
543,图10.9展示的是哪个图像处理流水线图？,图10.9展示的是近邻大星系图像处理流水线图。
544,星云图像处理流水线的编号是什么？,星云图像处理流水线的编号是KSC-SJ1-PL1-05。
545,星系团图像处理流水线的目的是什么？,星系团图像处理流水线的目的是对多色成像中的星系团图像进行处理，得到经过1级处理的星系团图像。
546,饱和污染目标图像处理流水线如何处理多色成像饱和污染目标图像？,饱和污染目标图像处理流水线通过特定的处理算法，对多色成像中的饱和污染目标图像进行校正、识别和提取，得到经过1级处理的饱和污染目标图像。
547,天体测量1级处理流水线包含哪些子流水线？,天体测量1级处理流水线包含四条子流水线：中等密度星场天体测量初步处理流水线、低密度星场天体测量初步处理流水线、高密度星场天体测量初步处理流水线和太阳系快速移动天体检测识别流水线。
548,中等密度星场天体测量初步处理流水线的输入是什么？,中等密度星场天体测量初步处理流水线的输入是通过QC0检查的0级1次曝光数据中的中等密度星场图像，参考图像以及望远镜轨道参数等信息。
549,如何进行低密度星场图像天体测量的初步处理？,低密度星场图像天体测量的初步处理通过使用历史全局量度模型和参数平差，结合少量准确的恒星对修正历史参数，以提高定位精度。
550,高密度星场图像天体测量初步处理流水线与普通图像天体测量有何不同？,高密度星场图像天体测量初步处理流水线在目标检测识别中需要考虑特殊的图像背景扣除方法以及重叠天体的区分及特殊定心算法，同时需要对恒星匹配算法进行优化。
551,太阳系快速移动天体检测识别流水线是如何工作的？,太阳系快速移动天体检测识别流水线首先从1级数据库中提取相关数据，通过闪烁法识别潜在的快速移动目标，然后拟合轨迹并剔除非天体目标，最终与参考星表交叉认证，如果是新发现的小天体则发出预警。
552,无缝光谱1级处理流水线包括哪些日常处理流程？,无缝光谱1级处理流水线包括无缝光谱初步处理流水线、无缝光谱精确处理流水线和伪直接成像流水线，涉及对无缝光谱图像进行仪器效应改正、目标探测、位置定标等处理流程。
553,无缝光谱初步处理流水线的目的是什么？,无缝光谱初步处理流水线的目的是对输入的无缝光谱数据进行初步的校正、位置定标等处理，以获取初步的光谱数据并存储在数据库中。
554,z模块频率精度定标的目的是什么？,z模块频率精度定标的目的是对THz模块频率精度进行定标，通过获取标准天体太赫兹分子谱线、卫星、地球以及太阳在LSR体系下的运行速度，生成太赫兹模块频率精度参考文件。
555,频率精度定标工作包的主要流程是什么？,频率精度定标工作包的主要流程涉及标准天体太赫兹分子谱线、卫星、地球以及太阳在LSR体系下的运行速度的获取，以及对THz模块频率精度的定标，生成太赫兹模块频率精度参考文件。
556,太赫兹模块观测效率定标是如何进行的？,太赫兹模块观测效率定标是通过选取一个或几个标准天体进行成图监测，精确计算观测天体图像辐射温度，由此获得太赫兹模块观测效率的参考文件。
557,太赫兹模块指向定标是如何获取参考文件的？,太赫兹模块指向定标是通过选取一个或几个标准天体进行成图监测，精确计算标准天体图像辐射中心位置，由此获得太赫兹模块指向精度的参考文件。
558,哪些数据用于高级数据处理工具的注册？,用于高级数据处理工具注册的数据包括软件仓库授权访问链接、工具名称等信息、参数配置文件、输出星表元数据、需要处理的天区表以及前序执行的数据处理或分析工具ID。
559,科学团队高级数据处理工具如何集成到CSST科学数据处理系统中？,科学团队高级数据处理工具通过调用科学数据处理系统定义的API接口函数获取1、2级数据，同时也使用这一套接口实现数据的输出，将高级数据产品写入数据库专用表中，实现动态集成到CSST科学数据处理系统中。
560,数据访问标准接口API的主要功能是什么？,数据访问标准接口API支持访问星表和切块图像，支持将数据分析结果以星表形式写入数据库中指定表内。
561,数据库和流水线运行管理在数据处理软件中的位置是什么？,数据库和流水线运行管理是连接数据处理软件和公有云平台的中间件，在数据处理软件中负责数据流管理和流水线运行管理的工作。
562,数据流管理API工作包的主要功能是什么？,数据流管理API工作包实现一整套数据表查询API接口，1、2级数据信息写入/更新API接口，以及外部参考星表的天文查询API接口，支持各条1、2级流水线对数据库内容的访问。
563,天文查询、匹配算法工作包提供哪些支持？,天文查询、匹配算法工作包主要提供高效率对一个比较大的天区实现锥形检索、支持采用不同阶数的Healpix索引检索天区数据、支持交叉证认以匹配不同星表中的同源天体等支持。
564,流水线并行调度管理工作包负责什么任务？,流水线并行调度管理工作包负责为数据处理软件连接公有云平台，根据流水线逻辑主控程序工作包的要求发出资源申请并动态在其上部署容器化封装好的流水线程序并监控其执行状态，处理因网络不稳定等原因产生的任何可靠性问题。
565,科学数据处理产品可追踪性分析包括哪些内容？,科学数据处理产品可追踪性分析包括科学观测1级、2级数据产品、数据处理辅助数据产品和科学观测3级数据产品的主要数据内容、数据格式以及可追踪性工作包。
566,CSST科学观测的0级、1级、2级数据产品分别包含哪些内容？,CSST科学观测的0级数据产品包括主焦面原始曝光图像、参考图像等原始数据；1级数据产品包括完成仪器效应改正、宇宙线去除等处理的单幅图像数据；2级数据产品包括同一天区、同一滤光片多次曝光的合并图像数据、点扩散函数分布等。
567,什么是0级处理流水线？,0级处理流水线是进行图像的类型检测，将图像分成正常图像和密集星场（星系团超深场）图像，并完成相应处理流程的工作流程。
568,正常图像数据处理流程和密集星场图像数据处理流程有什么区别？,正常图像数据处理流程和密集星场图像数据处理流程分别针对不同类型的图像数据进行处理，包括单幅图像处理流水线和密集星场图像处理流水线。
569,单幅图像处理流水线的主要功能是什么？,单幅图像处理流水线的主要功能是对判断为正常图像的数据进行一系列处理，包括overscan改正、仪器效应改正、位置定标、流量定标等，最终得到定标后的单次曝光科学图像和单次曝光星表。
570,如何进行单幅图像的overscan改正？,单幅图像的overscan改正是在图像评估流水线后，利用crosstalk系数文件进行crosstalk、overscan扣除，以改正读出中的crosstalk效应并扣除overscan区域。
571,什么是图像的世界坐标系框架（WCS）？,"图像的世界坐标系框架（WCS）是用于描述图像像素坐标与天球坐标之间关系的框架，通过计算得到WCS结构参数，可以将图像像素坐标(X,Y)转换为天球坐标(Ra,Dec)。"
572,如何实现天测位置定标功能？,天测位置定标功能通过输入带有位置定标的参考坐标系统外部参考星表，从参考星表中提取出待定标天区图像所对应的参考位置和流量信息，构建参考星表，实现图像像素坐标到天球坐标的转换，从而完成位置定标。
573,密集星场图像处理流水线的主要目的是什么？,密集星场图像处理流水线的主要目的是对判断为特殊图像中的密集星场图像进行一系列处理，得到经过1级处理的密集星场图像。
574,2级处理流水线可以加工获得哪些数据产品？,2级处理流水线可以加工获得包括合并图像数据文件、超深场合并星表、暂现源alerts和变源星表等不同的数据产品。
575,超深场图像合并流水线的主要作用是什么？,超深场图像合并流水线使用同一天区相同波段的多次观测图像进行图像合并，以获得更高探测深度的合并图像。
576,超深场星表提取流水线如何工作？,超深场星表提取流水线基于获得的单次曝光测光星表，对单波段的超深场合并图像形成超深场合并星表，并针对多波段的数据获得合并的多波段星表。
577,图像相减流水线的输出包括哪些内容？,图像相减流水线的输出包括相减图像数据文件，并进一步生成暂现源alerts和变源星表，相应的元数据保存到数据库中。
578,MCI的0级数据可用性标记工作包的主要任务是什么？,MCI的0级数据可用性标记工作包的主要任务是保证观测获得数据的合理性，并汇报出显著错误，包括主要参数检查、次要参数检查和导星数据检查等。
579,图像评估工作包如何判断图像为正常图像或密集星场图像？,图像评估工作包通过已知特殊天体影响分析和图像异常分析，对0级MCI数据图像进行评估，将图像分成正常图像和密集星场（星系团超深场）图像。
580,单次曝光图像处理-仪器效应改正工作包包括哪些步骤？,单次曝光图像处理-仪器效应改正工作包包括crosstalk、overscan扣除，bias、dark扣除，CTE效应改正，Flat改正，宇宙线探测及改正，非线性改正，以及卫星干扰条纹探测及改正等步骤。
581,参考图像如何被用来建模以消除随机效应的影响？,参考图像通过仪器效应改正工作包中的一系列处理来建模，首先进行电荷转移噪声处理，随后利用坏像元、偏置、平场、暗场等参考图像文件对0级科学图像进行仪器效应改正，以消除随机效应对图像的影响。
582,仪器效应改正工作包主要处理哪些类型的图像？,仪器效应改正工作包主要处理0级数据图像，即原始数据图像，通过一系列处理来消除或校正由于仪器效应引起的图像畸变。
583,仪器效应改正工作包中，首先进行的是哪种处理？,在仪器效应改正工作包中，首先进行的是电荷转移噪声处理。
584,什么是电子转移噪声处理？,电子转移噪声处理是仪器效应改正工作包中的一个步骤，用于消除或减小由于电荷在CCD转移过程中产生的噪声对图像的影响。
585,Overscan 和bias在仪器效应改正中的作用是什么？,在仪器效应改正中，Overscan 和bias处理用于校正图像的偏移或偏置，确保图像的准确性。Overscan 处理校正图像边缘的额外像素信息，而bias处理则用于去除图像中的固定偏置电平。
586,饱和点检测标记后，使用了哪些辅助图像进行暗电流和平场改正？,在对饱和点进行检测标记后，使用了dark和flat辅助图像进行暗电流和平场改正。Dark图像用于校正由于仪器内部发热产生的暗电流，而flat图像则用于校正像素间响应的不均匀性，即平场效应。
587,观测效应处理工作包的主要目的是什么？,观测效应处理工作包的主要目的是对经过仪器效应修正后的图像进行进一步的处理，以消除或校正由天空背景和宇宙线等环境效应引起的图像畸变。
588,在观测效应处理工作包中，背景是如何被扣除的？,在观测效应处理工作包中，背景的扣除是通过输入背景参考图像，对科学图像进行背景修正来实现的。
589,1级数据生成工作包根据什么来生成参考图像、科学图像和MASK图像？,1级数据生成工作包根据星冕仪1级数据fits头定义、数据结构定义、文件命名规范来生成参考图像、科学图像、MASK图像等星冕仪1级图像。
590,太赫兹模块数据处理过程中，0级、1级和2级数据分别代表什么？,在太赫兹模块数据处理过程中，0级数据表示原始数据，1级数据是经过初步处理和校准的数据，而2级数据则是经过质量检查和格式化后的最终产品数据。
591,太赫兹模块数据处理中的0级处理流水线主要完成哪些任务？,太赫兹模块数据处理中的0级处理流水线主要完成原始数据的可用性检查、数据组包、时间戳添加等任务，生成完整观测频谱0级数据。
592,1级处理流水线中，单点观测模式和OTF观测模式的主要区别是什么？,在1级处理流水线中，单点观测模式主要针对点源目标进行成像，对成像数据的强度、频率和位置进行校准；而OTF观测模式则针对区域目标进行观测，除了进行强度、频率和位置的校准外，还需要进行网格重整来消除空间采样数据的非均匀性。
593,2级处理流水线的主要功能是什么？,2级处理流水线的主要功能是对1级数据进行质量检查，将噪声异常数据或存在干扰数据进行标记，并将校准后符合数据质量要求的数据按照标准的FITS文件定义生成标准FITS文件。
594,太赫兹模块数据处理流水线的哪些工作包用于数据的组包？,在太赫兹模块数据处理流水线中，用于数据组包的工作包是0级数据组包工作包（KSC-SJ8-PK-02）。
595,RSS 数据文件名的命名规则是什么？,RSS 数据文件名的命名规则形如 CSST_IFS_TYPE_yyyymmddHHMMSS_obsid_camera_L1_VER.fits，其中 CSST_IFS 为文件名前缀；TYPE 为目标类型；yyyymmdd 是八位数观测日期；HHMMSS 是六位数UT 观测时间；obsid 是CSST 统一的曝光编号；camera 为光谱仪CCD 编号；L1 表示文件为1 级科学数据；VER 为1 级RSS 处理模块版本号。
596,"RSS 数据文件名中""yyyymmdd""表示什么？","RSS 数据文件名中的""yyyymmdd""表示八位数的观测日期，例如20240101代表2024年1月1日。"
597,"""obsid""在RSS数据文件名中代表什么？","""obsid""在RSS数据文件名中代表CSST统一的曝光编号，从相应0级数据继承。"
598,"RSS数据文件名中""camera""的值有哪些可能？","RSS数据文件名中""camera""的值为1位字符串，表示光谱仪CCD编号，其中红端为“R”，蓝端为“B”，红蓝拼接后的全谱为“A”。"
599,"什么是""L1""在RSS数据文件名中代表的意思？","""L1""在RSS数据文件名中表示文件为1级科学数据。"
600,RSS 数据生成过程中会保留哪些中间数据？,在RSS数据生成过程中将产生和保留一些中间数据，其命名方式类同RSS数据，但在结尾增加process字符串，形如CSST_IFS_TYPE_yyyymmddHHMMSS_obsid_camera_L1_VER_process.fits，process为8位字符串，代表8步基本数据处理流程。
601,CUBE 数据是如何利用RSS 数据进行重构的？,CUBE数据是利用RSS数据中的天体测量信息，对单个科学目标的多个RSS数据对象进行空间位置叠加操作后，重构数据矩阵得到的数据对象。
602,"CUBE 数据文件名中""W""标记位代表什么？","CUBE数据文件名中的""W""标记位代表波长空间标记位，其中'LIN'表示波长维度上在线性空间等间隔排列，'LOG'表示波长维度在对数空间内等间隔排列。"
603,在星冕仪模块的1级数据处理中，哪些步骤会被执行？,在星冕仪模块的1级数据处理中，会执行包括探测器效应改正、平场矫正、背景扣除、宇宙线扣除等步骤。
604,在星冕仪模块的数据处理中，临时文件是如何定义的？,在星冕仪模块的数据处理中，临时文件是指仅仅是程序处理需要而无需最终保存和存入数据库的文件对象。
605,CSST-HSTDM 的工作频率是多少？,CSST-HSTDM的探测器1和2工作频率为410-510 GHz，探测器3工作频率为520-630 GHz。
606,DPL1 处理过程中会产生哪3类数据？,DPL1处理过程中会产生3类数据：校准处理类型数据CAL、质量控制数据QCP和经DPL1处理后的1级科学数据PDP。
607,"CSST_HSTDM_CAL_type_yyyymmddHHMMSS_yyyymmddHHMMSS.fits 中的""type""表示什么？","CSST_HSTDM_CAL_type_yyyymmddHHMMSS_yyyymmddHHMMSS.fits 中的""type""表示校准类型CAL的子类型，例如baseline子类型的type为bsl，Tsys子类型的type为tsys。"
608,dark current time是什么类型的数据？,dark current time是float类型的数据。
609,SHTSTAT的默认值是什么？,从文档中找不到答案。
610,哪个关键字表示快门状态？,关键字shutter status表示快门状态。
611,CHECKSUM的关键字是什么类型的？,CHECKSUM的关键字是str16类型的，表示HDU checksum updated yyyy-mm-ddTHH:MM:SS。
612,DATASUM是何时更新的？,DATASUM是在yyyy-mm-ddTHH:MM:SS这个时间点更新的，表示data unit checksum updated。
613,VER_INST的值是什么？,VER_INST的值是字符串类型，表示仪器处理的版本，例如'0.0.1'。
614,STM_INST代表什么？,STM_INST代表仪器处理的时间戳。
615,STA_BIAS是什么的标志？,STA_BIAS是偏置帧校正状态的标志。
616,哪个关键字表示暗帧校正的状态？,关键字STA_DARK表示暗帧校正的状态。
617,SKY_BKG的默认值是多少？,SKY_BKG的默认值是0.3，表示估计的天空背景（e-/s per pixel）。
618,SATURATE的通量限制是多少？,SATURATE的通量限制是300.0 e-/s。
619,STA_CTE表示哪种校正的状态？,STA_CTE表示CTE校正的状态。
620,SIMPLE关键字与什么标准有关？,SIMPLE关键字表示该数据符合FITS标准。
621,ASTIRMS1的默认值是什么？,ASTIRMS1的默认值是-9999。
622,EQUINOX的值代表什么？,EQUINOX的值代表平均平赤道，例如2000.0表示J2000.0。
623,图10.140描述了什么工作的数据强度校准工作包？,图10.140描述了太赫兹模块1级数据强度校准工作包。
624,图10.144是关于哪个模块的1级数据网格重整工作包？,图10.144是关于太赫兹模块的1级数据网格重整工作包。
625,图10.145的工作包是关于什么级别的数据质量检查？,图10.145的工作包是关于1级数据质量检查工作包。
626,哪个工作包负责生成2级数据的FITS文件？,2级数据的FITS文件生成工作包负责生成2级数据的FITS文件。
627,在轨定标0级数据可用性标记工作包流程图在哪张图中描述？,在轨定标0级数据可用性标记工作包流程图在图10.147中描述。
628,图10.148的工作包主要涉及哪两个模块的哪项工作？,图10.148的工作包主要涉及在轨定标-巡天模块的本底参考图像生成及变化分析工作。
629,在轨定标-巡天模块中，哪个工作包与暗流参考图像生成有关？,在轨定标-巡天模块中，与暗流参考图像生成有关的工作包是图10.149描述的暗流参考图像生成及变化分析工作包。
630,增益计算及稳定性分析的工作包流程图是哪张图？,增益计算及稳定性分析的工作包流程图是图10.150。
631,哪个工作包涉及在轨定标-巡天模块的LED亮度监测分析？,涉及在轨定标-巡天模块的LED亮度监测分析的工作包是图10.153描述的LED亮度监测分析工作包流程图。
632,在轨定标-巡天模块中，哪个工作包与快门效应改正图像生成有关？,在轨定标-巡天模块中，与快门效应改正图像生成有关的工作包是图10.154描述的快门效应改正图像生成及稳定性分析工作包。
633,图10.159描述的是哪项工作的流程图？,图10.159描述的是在轨定标-巡天模块的电荷转移效率计算及变化分析工作包的流程图。
634,在轨定标-MCI中，哪个工作包与探测器本底与噪声有关？,在轨定标-MCI中，与探测器本底与噪声有关的工作包是图10.179和10.195描述的探测器本底与噪声工作包流程图。
635,图10.180描述的是哪项工作的流程图？,图10.180描述的是在轨定标-MCI的探测器暗电流工作包的流程图。
636,在轨定标-IFS的哪个工作包涉及内部光谱灯定标？,在轨定标-IFS的内部光谱灯定标工作包涉及内部光谱灯定标，该流程图在图10.197中描述。
637,哪个工作包是在轨定标-IFS中关于探测器监测的？,在轨定标-IFS中关于探测器监测的工作包是图10.200描述的探测器监测工作包流程图。
638,图9.5是什么流程图？,图9.5是观测需求编排软件一般观测申请支持流程图。
639,图9.6展示了哪种软件的流程图？,图9.6展示了观测需求编排软件ToO软件的流程图。
640,数据处理软件的0、1级数据处理总框架图是什么？,数据处理软件的0、1级数据处理总框架图是图10.1。
641,巡天模块的数据处理总流水线图在图几？,巡天模块的数据处理总流水线图是图10.3。
642,多色成像0级处理流水线是在图几？,多色成像0级处理流水线是图10.4。
643,无缝光谱0级处理总流水线图与哪幅图编号相同？,无缝光谱0级处理总流水线图与图10.5编号相同。
644,图10.6展示的是什么处理的流水线？,图10.6展示的是单幅图像处理的流水线。
645,图10.7描述的是哪种星场图像的处理？,图10.7描述的是密集星场图像的处理流水线。
646,近邻大星系处理流水线图在哪幅图中？,近邻大星系处理流水线图是图10.9。
647,星云图像处理流水线图是在图几？,星云图像处理流水线图是图10.10。
648,星系团图像处理流水线图的编号是多少？,星系团图像处理流水线图的编号是图10.11。
649,图10.12是关于哪种目标的图像处理流水线？,图10.12是关于饱和污染目标的图像处理流水线。
650,图10.16展示的是哪种天体的检测识别流水线？,图10.16展示的是太阳系快速移动天体的检测识别流水线。
651,多色成像2级处理总流水线图位于哪幅图中？,多色成像2级处理总流水线图位于图10.20。
652,高精度流量定标流水线是在图几描述的？,高精度流量定标流水线是在图10.27描述的。
653,对于一天内星冕仪观测产生的0级数据，生成1级产品的处理时间要求是什么？,对于一天内星冕仪观测产生的对应0级数据，生成1级产品的处理时间要求是不超过24小时。
654,在200s积分时间情况下，数据处理系统应测量到的信号灵敏度是多少？,在200s积分时间情况下，数据处理系统应测量到的信号灵敏度要求是不超过150mK（3σ、100kHz带宽）。
655,对于一天内太赫兹模块观测产生的0级数据，生成1级产品的处理时间限制是多少？,对于一天内太赫兹模块观测产生的对应0级数据，生成1级产品的处理时间限制是不超过24小时。
656,生成任务用户可使用的太赫兹2级产品的处理时间要求是什么？,生成任务用户可使用的太赫兹2级产品的处理时间要求是不超过24小时（完成5平方度的OTF数据成图处理）。
657,一般观测申请数据处理指标要求是什么？,一般观测申请数据处理指标要求包括生产0级和1级数据产品，数据处理技术指标适用一般观测所使用的载荷数据处理指标要求。
658,机遇目标观测数据处理指标要求包括哪些内容？,机遇目标观测数据处理指标要求包括生产0级和1级数据产品，数据处理技术指标适用机遇观测所使用的载荷数据处理指标要求。
659,数据库主要星表包括哪些信息？,数据库主要星表为2级数据巡天总测光星表，包括7个波段17500平方度的巡天单次测光数据，预计超过1万亿行，列数100列左右。
660,数据库中2级数据无缝光谱总星表预计达到多少行和多少列？,数据库中2级数据无缝光谱总星表预计达到1000亿行，列数100列左右。
661,科学数据处理系统软件在公有云环境中100个并发使用条件下，1度锥形检索的操作延迟要求是多少？,科学数据处理系统软件在公有云环境中100个并发使用条件下，1度锥形检索的操作延迟不超过1秒。
662,科学数据处理系统软件在公有云环境中100个并发使用条件下，对一个正常大小2级数据表的写入操作延迟要求是多少？,科学数据处理系统软件在公有云环境中100个并发使用条件下，对一个正常大小2级数据表（包含一小块非密集星场天区，尺寸约为一个探测器面积，即11´×11´，天体数目小于10万）的写入操作延迟小于20秒。
663,编排软件主要负责什么任务？,编排软件主要负责根据预先制定的观测策略，在人机交互环境下针对不同类型的观测进行固定周期的观测需求编排，形成观测需求编排文件。
664,观测数据仿真软件的主要功能是什么？,观测数据仿真软件的主要功能是通过对望远镜的光学结构、对各个后端模块硬件设备（后光路、滤光片、光栅、探测器的位置和物理性质等）进行模拟，产生仪器仿真图像。
665,数据处理软件的主要任务是什么？,数据处理软件的主要任务是完成对巡天光学设施所有后端模块所观测到的0级数据的科学处理，生成1级和2级数据，形成科学数据产品。
666,数据处理软件流水线通常分为哪三种类型？,数据处理软件流水线通常分为日常处理流水线、数据再处理流水线和数据产品生产流水线。
667,工作包的命名规则包含哪些要素？,工作包的命名规则包含科学数据处理系统标识符、模块标识符、工作包简称和工作包序号四个要素。
668,曝光前中后用于得到什么结果？,曝光前中后用于得到对应温度下的暗场结果，进而对对应温度下的图像进行暗场扣除。
669,勤务数据产品包括哪些？,文档中没有直接给出勤务数据产品的具体列表，但从内容中可以推断勤务数据产品可能包括轨道数据、惯性姿态、惯性角速度、时间信息等与观测任务直接相关的数据。
670,星冕仪1553B的主要功能是什么？,从文档中找不到关于星冕仪1553B具体功能的直接描述，但可以看出它涉及到了与曝光前中后温度、波前传感器偏移量平均值和标准差、定标激光器状态等相关的数据传输和处理。
671,可见光相机杜瓦温度对图像有何影响？,可见光相机杜瓦温度用于得到对应温度下的暗场结果，进而对对应温度下的图像进行暗场扣除。这表明杜瓦温度会影响暗场背景的亮度，从而影响最终图像的质量。
672,什么是任务辅助数据产品？,任务辅助数据产品是与观测任务相关的辅助性数据产品，如图像辅助数据中的曝光编号、软件版本、曝光时间和曝光时刻等，以及星冕仪辅助数据中的波前传感器偏移量平均值和标准差等，它们用于支持数据处理和图像质量判断。
673,如何计算星位角？,星位角通过导星数据和勤务数据等计算得出，用于图像对中。但文档中没有提供具体的计算方法和公式。
674,红外相机曝光时间对数据处理有何影响？,红外相机曝光时间用于数据处理中的曝光时间计算，它决定了数据处理的时间尺度和细节，对最终的图像质量和数据解析具有重要影响。
675,红外相机芯片温度如何用于暗场扣除？,红外相机芯片温度用于得到对应温度下的暗场结果，进而对对应温度下的图像进行暗场扣除。这表明芯片温度会影响红外相机的暗场背景，进而影响图像质量。
676,图像处理中为什么要进行暗场扣除？,暗场扣除是图像处理中的一个重要步骤，用于去除由于仪器自身特性（如镜头反射、电子噪声等）引起的背景信号，以提高图像的信噪比和对比度，使得目标信号更加突出和清晰。
677,波前传感器X和Y偏移量平均值如何用于图像质量判断？,波前传感器X和Y偏移量平均值是根据曝光持续时间内的波前传感数据进行计算的，用于图像质量判断。这些偏移量反映了光学系统的畸变和误差，对图像质量有直接影响。
678,HSTDM需求中的数据类型有哪些？,HSTDM需求中的数据类型包括勤务数据（如轨道数据、惯性姿态、惯性角速度、时间信息等）和辅助数据（如过SAA时间段、望远镜与月球和太阳的夹角等），它们通过1553B和422等接口进行传输，以满足太赫兹模块等观测任务的需求。
679,综合电控的1553B用于传输哪些数据？,综合电控的1553B用于传输轨道数据、惯性姿态、惯性角速度、时间信息、过SAA时间段、望远镜与月球和太阳的夹角等勤务数据和辅助数据。
680,系统平台单元422主要传输什么信息？,系统平台单元422主要传输惯性姿态、惯性角速度等高频更新的姿态和角速度信息，以及高精度的时钟信息，以满足太赫兹模块OTF模式对姿态和时间的高精度要求。
681,过SAA时间段在数据中有什么作用？,过SAA时间段（南大西洋异常区）是空间任务中需要规避的时间段，因为它会导致高能粒子辐射增强。在数据中记录过SAA时间段的信息，可以用于观测任务的规避规划和数据质量的评估。
682,KSC-SJ1-PK-18是什么级别的产品？,KSC-SJ1-PK-18是2级产品，强引力透镜源表。
683,KSC-SJ1-PK-24的数据主要包括哪些内容？,KSC-SJ1-PK-24的数据主要包括恒星星表，内容有恒星自行、大气参数、距离和消光。
684,FITS是什么？,FITS（Flexible Image Transport System）是一种用于存储、处理和传输科学数据的标准文件格式，常用于天文学领域。
685,KSC-SJ9-PK-07的功能是什么？,KSC-SJ9-PK-07是巡天模块无缝光谱的一部分，其功能是完成仪器效应改正、宇宙线去除、背景光去除、畸变改正、天体测量定位等的单幅及合并二维光谱科学数据。
686,MCI仪器效应改正工作包的作用是什么？,MCI仪器效应改正工作包的作用是对多通道成像仪（MCI）观测的原始数据进行仪器效应改正，包括去除仪器本身对观测结果产生的偏差和畸变，提高观测数据的科学质量。
687,KSC-SJB-PK-2主要处理哪些方面的探测器数据？,KSC-SJB-PK-2工作包主要处理与探测器相关的数据，如探测器本底与噪声、暗电流以及内部平场等，用于在轨定标和探测器性能分析。
688,在轨定标-MCI：L-平场工作包的主要任务是什么？,在轨定标-MCI：L-平场工作包的主要任务是进行多通道成像仪（MCI）的L-平场定标，通过对标准天体观测结果的处理和分析，修正因探测器、光路系统等因素导致的成像不均匀性。
689,KSC-SJ5-PK-10的模版图像有何用途？,KSC-SJ5-PK-10的模版图像主要用于MCI图像相减工作包，通过与最新观测的图像相减来消除图像背景噪声、长期光照等影响，用于检测暂现源和变源等。
690,MCI图像相减工作包的主要功能是什么？,MCI图像相减工作包的主要功能是通过将最新观测的图像与同一天区、同一滤光片观测的模版图像相减，消除图像中的长期光照和背景噪声，从而检测出暂现源和变源等天体。
691,IFS仪器效应改正工作包主要处理什么数据？,IFS仪器效应改正工作包主要处理积分视场光谱仪（IFS）观测的原始二维光谱图像数据，对其进行仪器效应改正，如坏点、像素间串扰、光谱畸变等，以提高光谱数据的科学质量。
692,IFS合成数据空间像素合并工作包的输出是什么？,IFS合成数据空间像素合并工作包的输出是经过多次曝光叠加、波长定标、天光背景扣除和流量定标后的三维光谱数据立方体，用于后续的科学分析。
693,CSST工程辅助数据产品表中包含了哪些数据类别？,CSST工程辅助数据产品表中包含了空间环境数据产品、工程勤务数据产品、有效载荷关键工程参数、任务辅助数据产品、测控资源等多个数据类别，为科学数据的处理和解释提供支持。
694,KSC-SJ8-PK-03主要负责哪方面的强度校准工作？,KSC-SJ8-PK-03主要负责太赫兹模块单点观测模式下1级数据的强度校准工作，包括遮挡率、溢出情况、口面效率等参数的测量和校准。
695,一级数据处理过程中除了释放的数据文件外还包含哪些文件？,一级数据处理过程中除了释放的数据文件以外，还包含了一系列处理过程中产生的中间文件及临时文件。
696,数据处理释放文件的存储路径是怎样的？,数据处理的释放文件存储的文件路径为：CSST_L1/HSTDM/OBSID/SCI/子目录（CAL、QCP、或PDP）/文件名。
697,CSST_HSTDM_CAL_context_*_*.fits文件包含哪些内容？,CSST_HSTDM_CAL_context_*_*.fits文件包含一级数据文件生成过程中涉及的所有数据文件索引表，所产生数据的时间段内太赫兹模块具体的工作模式时序列表（工作模式包括正常观测、OFF点校准，冷热负载校准），处理流程历史信息。
698,CSST_HSTDM_PDP_*_L1_*_*_*_obsid.fits是什么类型的文件？,CSST_HSTDM_PDP_*_L1_*_*_*_obsid.fits是对科学观测任务obsid的0级数据进行一级数据处理DRP1处理后得到的频谱数据（没有经过baseline removal以及standing wave removal）的TABLE数据（存档）文件。
699,CSST_HSTDM_QCP_*_*_*.fits文件包含哪些数据？,CSST_HSTDM_QCP_*_*_*.fits文件包含对应obsid频谱数据处理过程中的质量检测QC1数据。
700,什么是定标参考数据，它主要用于什么？,定标参考数据是不同类型的后端模块和不同的pipeline处理步骤所使用的参考文件，它包含有记录该参考文件相关信息的关键字，如参考文件的类型，制作时间、方法、人员，使用条件关键字等，主要用于校准和修正观测数据。
701,多色成像1级数据中的图像文件对象接口与0级数据有何关系？,多色成像1级数据中的图像文件对象接口与0级数据一致，包括图像、权重和特征位文件对象，结构和接口相同，数据来源于0级数据并经过一系列改正和拼接。
702,图像数据(image data)在1级数据中是如何构成的？,图像数据在1级数据中通常构成二维的datacube矩阵，来源于0级数据，并经过overscan改正、bias改正、平场改正等操作，矩阵数值发生改变，并按照空间排布说明完成拼接。
703,无缝光谱1级科学数据产品文件格式是什么？,无缝光谱1级科学数据产品文件格式为MEF格式，包含primary HDU、SCI图像、ERR数据和DQ数据三个扩展（HDU）。
704,ERR数据中的error值是如何计算的？,ERR数据中的error值对于常规观测曝光是通过公式计算得出，其中涉及SCI图像、bias改正和平场改正等。对于Bias曝光，error值则是直接基于读出噪声给出。
705,多通道成像仪(MCI)的1级数据中的图像文件对象接口与0级数据的关系是什么？,多通道成像仪(MCI)的1级数据中的图像文件对象接口与0级数据一致，包括图像、权重和特征位文件对象，其结构和接口相同，数据来源于0级数据并经过相应处理。
706,积分视场光谱仪(IFS)的1级数据产品文件包括哪两组文件对象？,积分视场光谱仪(IFS)的1级数据产品文件包括RSS和CUBE两组文件对象，均为FITS格式。
707,IFS的RSS文件对象包含多少层HDU？,IFS的RSS文件对象包含4层HDU，包括primary HDU、三维光谱datacube矩阵、噪声误差和MASK图像。
708,表10.106描述的是什么？,表10.106描述的是太赫兹模块数据处理系统0、1级处理功能列表。
709,表10.107提供了哪一级的处理功能？,表10.107提供了太赫兹模块数据处理系统2级功能列表。
710,表10.108汇总了哪些模块的流水线信息？,表10.108汇总了太赫兹模块各级流水线信息。
711,表10.109包含哪些工作包？,表10.109包含了太赫模块数据处理工作包列表。
712,表10.110关于哪方面的数据可用性标记？,表10.110是关于太赫兹模块0级数据可用性标记工作包模块列表。
713,表10.111列举了哪一级的数据组包工作包模块？,表10.111列举了太赫兹模块0级数据组包工作包模块列表。
714,表10.112涉及了哪一级数据的哪些校准工作？,表10.112涉及了太赫兹模块1级数据的强度校准工作包模块列表。
715,表10.114的校准内容主要是什么？,表10.114的校准内容主要是太赫兹模块1级数据的强度校准工作包模块列表。
716,表10.118描述了哪一级数据的什么文件生成？,表10.118描述了2级数据的FITS文件生成工作包模块列表。
717,巡天模块在轨定标数据处理功能有哪些？,巡天模块在轨定标数据处理功能包括探测器方面、多色成像方面和无缝光谱方面等多个方面的功能，具体内容见相关列表。
718,MCI在轨定标数据处理功能包括哪些？,MCI在轨定标数据处理功能包括探测器本底与噪声、探测器暗电流、滤光片内部平场定标等多个方面，具体内容见相关列表。
719,CPIC在轨定标数据处理功能是什么？,从文档中找不到关于CPIC在轨定标数据处理功能的直接描述。
720,THz在轨定标数据处理功能是什么？,THz在轨定标数据处理功能主要是关于太赫兹模块的数据处理，包括0、1级处理功能列表和2级功能列表等。
721,表10.134是关于什么的工作包模块？,表10.134是在轨定标-巡天模块中关于快门效应改正图像生成及稳定性分析的工作包模块列表。
722,在轨定标-MCI工作包中涉及了哪些内容？,在轨定标-MCI工作包中涉及了探测器本底与噪声、探测器暗电流、滤光片内部平场定标等多个方面的内容，具体见相关列表。
723,本文档主要阐述的是什么工程的数据处理系统输入数据的内容和格式需求？,"本文档主要阐述的是载人航天工程巡天空间望远镜（China Space Station Telescope, CSST）数据处理系统对输入数据的内容和格式需求。"
724,CSST的全称是什么？,CSST的全称是China Space Station Telescope，即中国巡天空间望远镜。
725,什么是MSC（Main Survey Camera）？,MSC代表主巡天相机（Main Survey Camera），是CSST中的一个重要组成部分。
726,多通道成像仪的缩写是什么？,多通道成像仪的缩写是MCI（Multi Channel Imager）。
727,IFS代表什么仪器？,IFS代表积分视场光谱仪（Integral Field Spectroscopy）。
728,CPIC和HSTDM分别是什么的缩写？,CPIC是星冕仪（Cool Planet Imaging Coronagraph）的缩写，而HSTDM是高灵敏度太赫兹模块（High Sensitivity Terahz Detection Module）的缩写。
729,什么是WFS（Wavefront Sensor）？,WFS代表波前传感器（Wavefront Sensor），用于监测和校正光学系统中的波前畸变。
730,FGS的完整名称是什么？,FGS的完整名称是Fine Guidance Sensor，即精细导星仪。
731,FITS和HDU分别代表什么？,FITS代表普适图像传输系统（Flexible Image Transport System），而HDU代表文件头和数据单元（Header data unit）。
732,SHA是哪种算法的简称？,SHA是安全散列算法（Secure Hash Algorithm）的简称。
733,科学数据处理系统主要接收哪两类数据产品？,科学数据处理系统主要接收由科学与应用数据中心提供的0级数据产品和工程辅助数据产品。
734,0级数据产品是如何在科学数据处理系统中使用的？,0级数据产品是科学数据处理系统分析流水线的输入，数据系统在此基础上，生成1级和2级科学数据产品，供科学用户使用。
735,工程辅助数据在科学数据处理系统中有什么作用？,工程辅助数据在科学数据处理系统中用于检验科学数据质量，检测科学仪器性能长期演化，以改进数据分析流水线，在轨定标方案并优化观测需求编排软件。
736,文档提到的《初步技术要求》是什么？,《初步技术要求》是CSST数据处理系统的一个引用文档，规定了0级数据的主要内容和其他技术需求。
737,CSST数据处理系统主要基于哪些引用文档？,CSST数据处理系统主要基于的引用文档包括《载人空间站多功能光学设施科学数据处理系统实施方案》、《CSST 数据处理系统初步技术要求》以及关于各个设备模块的技术文件等。
738,文件名CSST_CPIC_VIS_SCI_20240101120000_20240101120230_400000012_X_L0_1.fits表示哪一年的数据？,文件名CSST_CPIC_VIS_SCI_20240101120000_20240101120230_400000012_X_L0_1.fits表示2024年的数据。
739,文件名CSST_CPIC_VIS_SCI_20240101120000_20240101120230_400000012_X_L0_1.fits中的'L0'代表什么？,文件名中的'L0'代表0级数据，即未经任何处理的原始数据。
740,高灵敏度太赫兹模块的工作频率是多少？,高灵敏度太赫兹模块的工作频率有两个范围：探测器1和2为410-510 GHz，探测器3为520-630 GHz。
741,文件名CSST_HSTDM_ON_BLK_20240101120000_20240101120230_500000012_01_L0_1.fits中的'01'指的是什么？,文件名中的'01'表示该数据文件对应的是高灵敏度太赫兹模块中编号为01的探测器的数据。
742,数据文件名的后缀'.fits.fz'代表什么意思？,数据文件名的后缀'.fits.fz'表示该文件是使用了fpack工具进行压缩保存的FITS格式文件。
743,什么是文件名的SHA256散列值？,文件名的SHA256散列值是通过计算文件名的SHA256哈希算法得出的唯一标识，通常用于数据完整性和安全性验证。
744,CSST的观测数据支持哪些主流FITS格式文件读写软件？,CSST的观测数据支持至少包括astropy.io.fits和libcfitsio在内的主流FITS格式文件读写软件。
745,文件对象包含哪些HDU？,文件对象包含至少两个HDU，其中primary HDU包含望远镜的位置姿态信息，另一个为图像扩展的raw image HDU，包含从探测器读出的原始图像数据。
746,Raw image的header中包含了哪些信息？,Raw image的header中包含了探测器相关信息、WCS相关数据、快门读出等内容，用于描述图像的元数据。
747,IFS的image data数据是如何排列的？,IFS的image data数据按照探测器读出的先后顺序排列为一个2维的datacube矩阵，以4通道读出为例，4通道数据顺序排列。
748,星冕仪模块可见光图像数据的像素是多少？,星冕仪模块可见光图像数据的像素为1080*1050。
749,全局头文件关键字中，'SIMPLE'的关键字格式是什么？,'SIMPLE'的关键字格式为布尔型（L1），表示文件是否遵循FITS标准，通常设置为T（True）。
750,'OBSTYPE'关键字在全局头文件中表示什么？,'OBSTYPE'关键字在全局头文件中表示观测的类型，例如'raw'、'sci'等。
751,'TELESCOP'关键字在全局头文件中代表什么？,'TELESCOP'关键字在全局头文件中代表用于获取数据的望远镜，此处始终为'CSST'。
752,表10.56列出了哪些MCI数据处理软件的1-2级数据处理功能？,表10.56列出了MCI数据处理软件的1-2级数据处理功能列表。
753,表10.57中提到的MCI数据处理软件0-2级流水线是什么？,表10.57列出了MCI数据处理软件0-2级流水线列表。
754,表10.58包含哪8个MCI的工作包？,表10.58包含了MCI的8个工作包列表。
755,表10.59介绍了MCI仪器效应改正工作包的哪些模块？,表10.59列出了MCI仪器效应改正工作包模块列表。
756,表10.60描述了MCI位置定标工作包的哪些模块？,表10.60列出了MCI位置定标工作包模块列表。
757,表10.61中的MCI流量定标工作包有哪些模块？,表10.61列出了MCI流量定标工作包模块列表。
758,表10.62列出了哪些MCI单次曝光星表提取工作包模块？,表10.62列出了MCI单次曝光星表提取工作包模块列表。
759,IFS数据处理软件有哪些零级数据准备功能？,表10.68列出了IFS数据处理软件零级数据准备功能列表。
760,IFS数据处理软件的一级多次合成功能是什么？,表10.70列出了IFS数据处理软件一级多次合成功能列表。
761,IFS数据处理软件的二级数据处理功能包括哪些？,表10.71列出了IFS数据处理软件二级数据处理功能列表。
762,IFS数据处理软件的流水线列表在哪里可以找到？,表10.72列出了IFS数据处理软件的流水线列表。
763,IFS数据处理软件的工作包列表包含哪些内容？,表10.73列出了IFS数据处理软件的工作包列表。
764,IFS 0级数据索引标识工作包有哪些功能模块？,表10.74列出了IFS 0级数据索引标识工作包的功能模块列表。
765,IFS光谱抽取工作包的功能模块有哪些？,表10.79列出了IFS光谱抽取工作包的功能模块列表。
766,IFS一级合成数据质量检查工作包的功能模块是什么？,表10.92列出了IFS一级合成数据质量检查工作包的功能模块列表。
767,IFS波长定标特性是通过什么方法实现的？,IFS波长定标特性是通过外部光谱目标在探测器上形成已知波长光谱，从而计算光谱色散关系来实现的。
768,IFS绝对辐射定标特性如何确定输出电子数与目标亮度之间的关系？,IFS绝对辐射定标特性是通过对标准星进行观测，并通过常规流水线数据处理，确定输出电子数与目标亮度之间的对应关系，从而得到绝对辐射定标系数以及仪器光电总效率。
769,IFS定位工作包包含哪两个模块？,IFS定位工作包包含两个模块：其一，通过MCI同步平行观测（星团和天区）确定IFS目标位置；其二，通过同步的导星（FGS）图像确定IFS目标位置。
770,IFS定位工作包的两个模块工作方式有何不同？,IFS定位工作包的两个模块工作方式不同，其中MCI具有更高的分辨率，可以提高位置分辨特性，而导星仪（FGS）则提供另一种定标方式，两者可以互相印证。
771,如何通过MCI图像确定IFS目标位置？,通过MCI与IFS同步平行观测的图像，利用MCI图像的位置信息来确定IFS目标位置，并与探测器上的光谱轨迹对应。
772,IFS图像质量及稳定性监测工作包监测哪些参数？,IFS图像质量及稳定性监测工作包监测的参数包括点扩散函数、离焦、几何畸变、位置稳定性等，用于判断是否需要及时进行定标。
773,探测器本底与噪声工作包包含哪些模块？,探测器本底与噪声工作包包含两个模块：本底合并和读出噪声，前者用于获取平均本底和涨落，后者计算探测器的读出噪声。
774,探测器暗电流工作包如何处理暗电流原始图像？,探测器暗电流工作包通过扣除本底并除以曝光时间，再对一组暗电流原始图像进行合并，获得暗电流图像。
775,什么是探测器平场定标？其实现方式是什么？,探测器平场定标是针对探测器各像元响应不同，通过扣除本底暗电流后多帧叠加再归一化形成平场，实现方式包括内部平场和冷热像元标识。
776,探测器CTE工作包是如何计算CCD电荷转移效率的？,探测器CTE工作包通过扩展像元边缘效应（EPER）方法，利用内部平场数据计算CCD电荷转移效率。
777,探测器PTC工作包中，PTC曲线是如何分析探测器特性的？,探测器PTC工作包中，PTC曲线通过多帧不同曝光时间的内部平场图像分析，计算探测器满阱、增益、非线性等参数，以分析探测器特性。
778,探测器CIC工作包如何统计CIC噪声的发生概率？,探测器CIC工作包通过一系列短曝光暗电流图像分析，统计平均每张暗电流上CIC噪声的发生概率。
779,探测器EM增益工作包如何获取EM增益曲线？,探测器EM增益工作包通过对不同EM增益的平场数据进行分析，通过拟合得到EM增益的增益曲线。
780,探测器监测工作包监测哪些随时间变化的定标参数？,探测器监测工作包监测的参数包括本底、暗电流、读出噪声、波长定标、异常像元、增益等随时间变化的定标参数。
781,测光零点工作包是如何获取CPIC系统光电效率或测光零点的？,测光零点工作包通过对标准星观测图像进行平场、几何校正等处理，获取标准星对应电子数，计算电子数与恒星亮度关系，从而获取CPIC系统光电效率或测光零点。
782,什么是图像相减工作包？,图像相减工作包是用于进行图像处理的一个部分，但具体内容从文档中未直接给出详细描述。
783,暂现源alerts工作包是做什么的？,暂现源alerts工作包的具体功能和操作从文档中未明确给出，但可能涉及到对暂现源（如超新星、伽玛射线暴等）的发现和警报生成。
784,变源星表提取工作包主要负责什么？,变源星表提取工作包可能主要负责从观测数据中提取变源（即亮度会随时间变化的恒星或星系）的信息，并生成相应的星表。
785,MCI的2级数据可用性标记工作包的作用是什么？,MCI的2级数据可用性标记工作包的作用可能是对数据集中的数据进行检查，并标记哪些数据是适合进行进一步分析的，即它们的可用性。
786,积分视场光谱仪数据处理的主要功能是什么？,积分视场光谱仪数据处理的主要功能是对获取的积分视场光谱数据进行处理，包括数据准备、曝光处理、曝光合成、光谱抽取、波长定标、流量定标等一系列操作，以获取科学目标的光谱信息。
787,IFS 0级数据准备流水线包含哪些内容？,IFS 0级数据准备流水线包括准备处理积分视场光谱仪获取的原始数据所需的所有步骤，可能涉及数据格式的转换、初步的质量控制等。
788,IFS单次曝光处理流水线的主要任务是什么？,IFS单次曝光处理流水线的主要任务是对IFS获取的每一次曝光数据进行处理，可能包括噪声抑制、坏点修复、光谱抽取等步骤。
789,IFS多次曝光合成流水线是如何工作的？,IFS多次曝光合成流水线的工作是将IFS获取的多次曝光数据进行合并，以提高数据质量或获取目标对象更完整的光谱信息。可能涉及几何校正、图像对齐、像素值合成等步骤。
790,IFS二级数据处理流水线包括哪些步骤？,IFS二级数据处理流水线包括一系列复杂的步骤，如光谱分析、流量定标、数据立方生成、星族分析等，这些步骤旨在提取和解析目标对象的光谱特性，并进行深入的科学研究。
791,IFS 0级数据可用性工作包的主要作用是什么？,IFS 0级数据可用性工作包的主要作用是检查IFS获取的原始数据的可用性，包括数据的完整性、质量等，以确定哪些数据适合进行后续处理和分析。
792,IFS仪器效应改正工作包的主要内容是什么？,IFS仪器效应改正工作包的主要内容是识别并校正IFS仪器在观测过程中可能产生的各种效应，如像素间响应不一致、暗电流等，以提高数据的准确性和可靠性。
793,IFS光谱成像位置追踪工作包是负责什么的？,IFS光谱成像位置追踪工作包可能负责追踪IFS在观测过程中光谱成像的位置变化，确保数据处理的准确性。
794,IFS多次曝光图像叠加工作包是如何进行的？,IFS多次曝光图像叠加工作包的工作是将IFS获取的多次曝光图像进行叠加，以提高图像的信噪比和对比度，同时减少随机噪声的影响。
795,IFS一级合成数据质量检查工作包的主要职责是什么？,IFS一级合成数据质量检查工作包的主要职责是检查经过一级处理合成的数据的质量和准确性，以确保其满足科学分析的要求。
796,系外行星成像星冕仪数据处理的主要功能是什么？,系外行星成像星冕仪数据处理的主要功能是对星冕仪观测到的数据进行处理，以实现对系外行星及其星周环境的高对比度成像和深入分析。
797,简述基于目标源的一维光谱抽取流水线的工作流程。,基于目标源的一维光谱抽取流水线首先从数据库中取出改正后的二维光谱图像，以及伪直接成像生成的星表和segmentation图像和相关配置文件，然后进行基于目标源的一维光谱抽谱得到一维光谱，最后进行QC1检查，并将一维光谱入库作为2级数据。
798,基于正向建模的一维光谱抽取流水线主要用于哪种天区？,基于正向建模的一维光谱抽取流水线主要用于星系团天区。
799,无缝光谱星表数据生成流水线的主要功能是什么？,无缝光谱星表数据生成流水线的主要功能是从数据库中获取多波段一维光谱科学数据和相关辅助文件，然后进行光谱的粗分类和红移测量，最后生成星表和相关物理参数，并输入到数据库中作为2级数据。
800,无缝光谱2+级流水线是什么？,无缝光谱2+级流水线是指科学团队在运用无缝光谱数据的过程中形成的高级数据产品算法，这部分算法按数据系统预留的数据接口接入到数据系统流水线中，成为数据系统中的一个分支流水线，为科学家提供高级数据产品。
801,给出工作包编号KSC-SJ1-PK-01的完整名称和功能。,工作包编号KSC-SJ1-PK-01的完整名称是“多色成像0级数据可用性标记工作包”，其功能主要是针对0级数据图像，目的是保证观测获得数据的合理性，并汇报出显著错误。
802,简述多色成像仪器效应改正工作包的主要步骤。,多色成像仪器效应改正工作包的主要步骤包括：首先进行Crosstalk、Overscan扣除，然后进行bias、dark扣除，接着做CTE效应改正，随后进行Flat改正，探测并改正宇宙线，进行非线性改正，最后对卫星干扰条纹进行探测并改正，得到改正后的图像、Weight图像和Flag图像。
803,什么是0级数据图像的Crosstalk、Overscan扣除？,0级数据图像的Crosstalk、Overscan扣除是指改正读出中的crosstalk效应，并扣除overscan区域，对饱和像素进行标记的过程。
804,多色成像图像评估工作包是如何进行特殊天体影响分析的？,多色成像图像评估工作包通过已知特殊天体影响分析和图像异常分析，得到图像评估结果，从而生成观测天区内亮星、大星系、密集星场、星云和其它异常图像等特殊天体标记信息。
805,工作包编号KSC-SJ2-PK-05主要完成什么任务？,工作包编号KSC-SJ2-PK-05是“基于目标源的一维抽谱工作包”，主要任务是基于目标源进行一维光谱的抽取。
806,如何进行无缝光谱的红移优化测量？,从文档中找不到答案。
807,发射线星系谱线测量工作包的目标是什么？,发射线星系谱线测量工作包的目标是进行发射线星系谱线的测量。
808,什么是无缝光谱高精度流量定标？,无缝光谱高精度流量定标是指对无缝光谱数据进行高精度的流量定标处理。
809,数据初步判断在多色成像0级数据可用性标记工作包中扮演什么角色？,数据初步判断在多色成像0级数据可用性标记工作包中扮演了关键角色，它保证了0级数据能够满足后续数据处理流程的需求。
810,如何标记0级数据中的显著错误？,在多色成像0级数据可用性标记工作包中，通过主要参数检查模块、次要参数检查模块和人工检查模块，标记出0级数据中的显著错误，并生成数据检查报告列表和辅助头文件列表返回到数据库中。
811,N方法预估计恒星参数的主要步骤是什么？,N方法预估计恒星参数的主要步骤包括数据预处理（如光谱拼接）、神经网络预估计恒星参数初值（如有效温度、表面重力、金属丰度和α丰度）以及模板匹配得到最佳匹配模板的恒星参数及误差。
812,什么是恒星参数初值？,恒星参数初值是指通过神经网络等算法对恒星光谱进行初步分析后得到的恒星参数的估计值，包括有效温度、表面重力、金属丰度和α丰度等参数。
813,模板匹配在恒星参数测量中起到什么作用？,模板匹配在恒星参数测量中起到通过比对观测光谱与已知恒星模板光谱，找到最佳匹配的模板并确定对应恒星参数的作用。
814,恒星参数星表中包含了哪些参数？,恒星参数星表中包含了如有效温度(Tef)、表面重力(logg)、金属丰度([Fe/H])和α元素丰度([α/Fe])等参数。
815,一维光谱在恒星参数测量中的作用是什么？,一维光谱是恒星参数测量的基础数据，它包含了恒星的光谱特征信息，通过对这些信息的分析可以推导出恒星的各项参数。
816,一维PSF轮廓在恒星参数测量中有何应用？,一维PSF轮廓（点扩散函数轮廓）在恒星参数测量中用于描述观测仪器的响应函数，帮助精确提取恒星的光谱信息，并用于后续的参数测量。
817,如何进行光谱拼接以获取无缝光谱？,光谱拼接是通过对同源的GU、GV、GI等一维光谱进行校准和拼接处理，以获取连续覆盖的光谱范围，即无缝光谱。
818,神经网络在预估无缝光谱参数初值中的作用是什么？,神经网络通过训练大量已知恒星光谱和对应参数的数据，可以学习到光谱与参数之间的映射关系，进而用于预估无缝光谱的参数初值。
819,什么是高精度波长定标？为什么它很重要？,高精度波长定标是指对观测光谱的波长进行精确的校准和标定。它对于恒星参数测量非常重要，因为准确的波长信息是提取光谱特征、分析恒星物理特性和推导恒星参数的基础。
820,流量标准星表在高精度流量定标中的作用是什么？,流量标准星表包含了一系列已知准确流量的恒星数据，它们被用作高精度流量定标的参考标准，通过比对观测流量与标准流量的差异，可以对观测数据进行流量定标和校正。
821,什么是多通道成像仪的数据处理流程？,多通道成像仪的数据处理流程包括从探测器获取的原始数字图像（0级）进行修正和定标，生成定标后的科学图像（1级），然后探测天体目标，并进行流量和形状等参数测量，最终形成可供天文学家使用的合并图像及星表（2级）的过程。
822,在多通道成像仪的数据处理中，0级和1级数据分别代表什么？,在多通道成像仪的数据处理中，0级数据是指从探测器获取的原始数字图像，而1级数据是经过仪器效应改正、位置定标和流量定标等处理步骤后生成的定标后的科学图像及其相关数据。
823,如何通过多通道成像仪的数据处理生成2级科学数据？,通过多通道成像仪的数据处理生成2级科学数据的过程包括图像合并、相减以及星表提取等功能，最终形成包括科学图像中所有天体信息的星表，如位置、流量、点扩展函数信息等。
824,多通道成像仪的数据处理中，超深场图像合并的目的是什么？,多通道成像仪数据处理中的超深场图像合并的目的是将同一天区、同一滤光片的多次曝光图像合并成一张更深的图像，以提高信噪比和观测深度。
825,仪器效应改正流水线主要负责什么？,仪器效应改正流水线主要负责处理与仪器相关的效应，确保观测数据的准确性。
826,观测效应处理流水线的作用是什么？,观测效应处理流水线的作用是对观测过程中产生的效应进行处理，以消除或降低它们对观测数据的影响。
827,数据可用性标记及分类工作包的主要内容是什么？,数据可用性标记及分类工作包的主要内容是对观测数据进行标记和分类，确定数据的可用性和质量等级。
828,参考图像处理工作包主要做什么？,参考图像处理工作包主要负责处理参考图像，这些图像通常用于校准和比较其他观测数据。
829,1级数据生成工作包的功能是什么？,1级数据生成工作包的功能是将原始观测数据经过初步处理后，生成满足一定标准的1级数据。
830,太赫兹模块数据处理的主要功能有哪些？,太赫兹模块数据处理的主要功能包括数据预处理、校准、图像重建等，以生成高质量的观测数据。
831,0级处理流水线的主要任务是什么？,0级处理流水线的主要任务是对原始观测数据进行预处理，包括数据格式转换、错误检测等。
832,OTF观测模式下1级数据频率和位置校准工作包的任务是什么？,OTF观测模式下1级数据频率和位置校准工作包的任务是对观测数据进行频率和位置的校准，以确保数据的准确性。
833,在轨定标数据处理的主要功能有哪些？,在轨定标数据处理的主要功能包括对各模块（如巡天模块、多通道成像仪模块等）的定标数据进行处理，以校准和监测仪器的性能。
834,巡天模块下的多通道成像仪模块的定标数据如何处理？,巡天模块下的多通道成像仪模块的定标数据处理主要包括参考图像的生成、增益计算、读出噪声计算等，以确保成像仪的性能稳定和数据准确。
835,本底参考图像生成及变化分析工作包属于哪个模块？,本底参考图像生成及变化分析工作包属于巡天模块的探测器方面。
836,电荷转移效率计算及变化分析工作包属于哪个方面？,电荷转移效率计算及变化分析工作包属于巡天模块的探测器方面。
837,如何进行读出噪声计算及稳定性分析？,读出噪声计算及稳定性分析是通过对观测数据进行统计分析，计算读出噪声的数值，并分析其稳定性，以评估探测器的性能。
838,退火数据处理及有效性分析工作包主要处理什么？,退火数据处理及有效性分析工作包主要处理由于探测器退火效应导致的数据变化，分析其影响并评估数据的有效性。
839,图像质量及稳定性分析工作包主要关注哪方面的分析？,图像质量及稳定性分析工作包主要关注多色成像方面的图像质量和稳定性，通过对图像进行质量评估和稳定性分析，确保观测结果的准确性和可靠性。
840,多色成像密集星场初步位置定标工作包的主要输入是什么？,多色成像密集星场初步位置定标工作包的主要输入是完成仪器效应改正的0.5级数据以及密集星场目标检测后得到的天体的探测器位置信息，包含混叠情况标记。
841,前景星识别工作包的主要功能是什么？,前景星识别工作包的主要功能是根据预先设定的星等限，选取较亮恒星，减少天体数目，确保同外部星表交叉证认过程能够精确确认位置定标天体。
842,前景星识别工作包的输出是什么？,前景星识别工作包的输出是只包含星等限以上的亮源构成的前景星表，同时应尽可能避免所选前景星落在混叠区域。
843,多色成像密集星场二次位置定标工作包是如何提高位置定标准确度的？,多色成像密集星场二次位置定标工作包经过前景星识别后，可用恒星在视场中的密度显著下降，再次使用外部参考星表进行交叉证认，得到准确度显著提高的位置定标恒星星表，实现密集星场的高精度位置定标。
844,多色成像识别大星系图像工作包的主要目标是什么？,多色成像识别大星系图像工作包的主要目标是识别受到大星系（≥1´）影响的探测器，对大星系图像进行处理，扣除背景，同时生成掩码，以便其他区域的正常天体能够正常进行测光处理。
845,多色成像识别星云图像工作包如何处理银河系星云？,多色成像识别星云图像工作包利用在天区表中预先做出的标记，识别受到银河系星云（HII区、反射星云、大角直径行星状星云或超新星遗迹等）影响的探测器，并生成相应掩码来遮掩住银河系星云区域，以便其他区域的正常天体能够正常进行测光处理。
846,多色成像星系团建模工作包如何对星系团图像进行处理？,多色成像星系团建模工作包利用在天区表中预先做出的标记，识别包含星系团的探测器，对星系团图像进行处理，扣除成员星系，建立ICL模型，同时生成掩码，以便遮掩住成员星系后，其他区域的正常天体能够正常进行测光处理。
847,多色成像识别饱和目标图像工作包的主要功能是什么？,多色成像识别饱和目标图像工作包的主要功能是识别包含包和恒星的探测器，对饱和恒星图像生成掩码，以便其他区域的正常天体能够正常进行测光处理。
848,多色成像合并星表提取工作包的主要输出是什么？,多色成像合并星表提取工作包的主要输出是合并的多波段星表，以及根据多波段的测量信息得到的多波段分类合并星表。
849,多色成像2级数据可用性标记工作包是如何确定数据是否满足科学家需求的？,多色成像2级数据可用性标记工作包通过科学验证的方式，确保2级科学数据在数据指标、精度等方面能够满足科学家的需求。
850,天区观测覆盖分析工作包如何评估观测覆盖情况？,天区观测覆盖分析工作包根据预先定义的天区划分表，统计分析每块小天区的观测覆盖情况，并将这一数据汇总进数据库，从而评估观测覆盖情况。
851,多色成像天体分类工作包至少包括哪些天体类型？,多色成像天体分类工作包至少包括恒星、星系、QSO、unknown四类天体类型。
852,多波段PSF均匀化星表提取工作包的主要目标是什么？,多波段PSF均匀化星表提取工作包的主要目标是通过多波段PSF均匀化的方法进行星表提取，最终得到整合的全波段联合测光星表。
853,哪个工作包处理单帧图像的相对定位数据？,基于参考星表单帧图像相对定位工作包处理单帧图像的相对定位数据。
854,三角形交叉证认模块的主要功能是什么？,三角形交叉证认模块的功能是进行参考星与目标的三角形交叉认证，从而确定共同星结果。
855,直方图交叉证认模块的输出是什么？,直方图交叉证认模块的输出是交叉证认出的共同星结果。
856,照相天测测量定位的平差模块如何工作？,照相天测测量定位的平差模块通过交叉证认后的共同性的量度坐标和理想坐标来确定量度坐标到理想坐标的转换模型。
857,什么是BCRS？,BCRS是太阳系质心参考系的缩写，是国际天文学会IAU用于表征天体的位置、视差距离和自行等参数的参考系。
858,如何基于参考历元的单帧图像数据对天体的视差和自行进行归算？,通过选用某一参考历元的单帧图像数据为参考，进行较差归算天体的视差和自行。
859,什么是单星模型的天测5参数解算模块？,单星模型的天测5参数解算模块是基于多幅单帧图像的相对定位数据（包括高精度位置、初步类型标识、流量定标过的星等和颜色）以及参考星历表，来解算局部天区的天体位置、视差、自行等参数的模块。
860,如何使用航迹关联技术识别多个快速移动目标？,通过闪烁法识别潜在的快速移动目标，并基于已有的太阳系天体库进行交叉认证，最后使用航迹关联技术实现对多个快速移动目标的识别和分别标识。
861,天测多帧图像上快速移动目标的检测识别工作包的工作流程是怎样的？,天测多帧图像上快速移动目标的检测识别工作包的工作流程包括：基于帧间闪烁法产生天体运动速率和方向的差异数据，对快速移动目标进行检测识别；根据运动特性的差异进行初步分类；交叉认证排除历史已知的小天体；使用航迹关联技术实现多目标的识别和分别标识。
862,无缝光谱0级数据可用性标记工作包主要执行什么操作？,无缝光谱0级数据可用性标记工作包主要执行对0级数据图像的可用性标记操作，包括主要参数检查、次要参数检查和导星数据分析，以确保观测数据的合理性并报告显著错误。
863,图像评估工作包输入的信息包括哪些？,图像评估工作包输入的信息包括0级无缝光谱数据图像和一个外部参考信息表-天区覆盖信息表。
864,无缝光谱仪器效应改正工作包使用哪些参考图像文件？,无缝光谱仪器效应改正工作包使用的参考图像文件包括crosstalk系数文件、坏像元图像、偏置图像（bias MEF）、暗场和post flash图像（dark、post flash MEF）以及平场图像（Flat field MEF）等。
865,无缝光谱图像中CTE改正是如何进行的？,CTE改正是基于CTE相关的参考文件来完成的，具体过程未在文档中提及。
866,如何将DN转化为电子？,通过将DN值（数字数值）与CCDTAB、OSCNTAB的相关参数结合，可以将DN转化为电子。
867,无缝光谱二维图像在哪些步骤后得到改正？,无缝光谱二维图像在经过crosstalk扣除、bias改正、CTE改正、DN转化为电子、dark和post flash改正、Flat field改正、宇宙线探测和改正、非线性改正、卫星干扰条纹探测和改正，以及电子转化为电子每秒等步骤后得到改正。
868,数据库技术指标是什么？,数据库技术指标的具体内容未在文档中提及。
869,系统组成包含哪些部分？,系统组成未在文档中给出具体细节，但提到了编排软件和仿真软件的执行流程命名规则、数据处理软件流水线命名规则、工作包命名规则等。
870,三个配置项简述是什么？,三个配置项简述的具体内容未在文档中给出。
871,编排软件和仿真软件的执行流程命名规则是什么？,编排软件和仿真软件的执行流程命名规则在文档中有所提及，但具体细节未在给出的文本中说明。
872,数据处理软件流水线命名规则是怎样的？,数据处理软件流水线命名规则在文档中有所提及，但具体细节未在给出的文本中说明。
873,工作包的命名规则是什么？,工作包命名规则在文档中有所提及，但具体细节未在给出的文本中说明。
874,巡天模块数据处理主要包括哪些部分？,巡天模块数据处理主要包括数据分类、主要功能和主要流水线。
875,巡天模块的数据分类有哪些？,巡天模块的数据分类包括多色成像数据和无缝光谱数据。
876,多色成像和无缝光谱的主要功能是什么？,多色成像、天体测量和无缝光谱各有其主要功能，但具体细节未在给出的文本中详细列出。
877,巡天模块有哪些主要的处理流水线？,巡天模块的主要处理流水线包括0级、1级和2级处理流水线。
878,0级、1级、2级处理流水线的具体内容是什么？,0级、1级、2级处理流水线的具体内容未在给出的文本中详细列出，但提到了它们各自的处理流程。
879,多色成像的工作包主要包括哪些？,多色成像的工作包包括0级数据可用性标记、图像评估、仪器效应改正、目标检测、位置定标、流量定标、单次曝光星表提取、密集星场目标检测等多个处理步骤。
880,什么是多色成像的图像评估和仪器效应改正工作包？,多色成像的图像评估和仪器效应改正工作包是对多色成像数据进行图像质量评估和仪器效应改正的处理步骤。
881,巡天模块数据处理的目的是什么？,巡天模块数据处理的目的未在文档中明确说明，但通常是为了对天文观测数据进行处理和分析，以获取科学研究所需的信息和结果。
882,多色成像的合并图像工作包是做什么的？,多色成像的合并图像工作包是将多次观测的多色成像数据进行合并处理，以获取更高质量或更全面的图像数据。
883,IFS 像素坐标重建的目的是什么？,IFS像素坐标重建的目的是将像素坐标转换到统一的参考系下，以便于后续的图像处理和分析。
884,如何将MCI图像和IFS图像换算到同一个参考系下？,通过像素坐标重建技术，可以将MCI图像和IFS图像换算到同一个参考系下，确保两者之间的空间位置关系一致。
885,什么是Gaia星表？,Gaia星表是欧洲空间局（ESA）的Gaia卫星项目发布的星表，包含了数十亿颗恒星的高精度位置和运动数据，用于天体测量、恒星演化等研究。
886,如何对Gaia星表的坐标进行校正？,对Gaia星表的坐标进行校正通常包括自行、视差、光行差等效应的校正，以确保星表数据的准确性和可靠性。
887,WCS解算是什么？,WCS解算是用于将图像的像素坐标转换为天球坐标（RA/Dec）的过程，WCS代表世界坐标系统（World Coordinate System）。
888,如何通过拟合WCS变换来解算出WCS参数？,通过已知参考点的像素坐标和天球坐标，可以拟合WCS变换模型，进而解算出WCS参数，使得图像的像素坐标可以准确地映射到天球坐标系上。
889,IFS单次处理数据立方生成工作包的主要功能是什么？,IFS单次处理数据立方生成工作包的主要功能是将波长流量定标后的单次曝光谱线文件，按空间位置排列为数据立方，并进行质量检查和索引，最终作为IFS的1级数据存入数据库。
890,什么是波长流量定标后的科学图像？,波长流量定标后的科学图像是经过波长和流量校正后的图像，这些校正消除了仪器效应，使得图像中的像素值能够更准确地反映天体的光谱能量分布。
891,IFS多次曝光数据可用性工作包的主要任务是什么？,IFS多次曝光数据可用性工作包的主要任务是读取保证单次曝光数据中的质量标记，并进行独立的可用性检查，最终获取可用于多次曝光合成的可用数据集。
892,IFS多次曝光合成几何框架工作包的作用是什么？,IFS多次曝光合成几何框架工作包的作用是将单次曝光图像从各自的图像坐标系转换到统一坐标系下，并创建叠加图像存储空间及天体测量信息，为后续的图像叠加提供基础。
893,IFS多次曝光图像叠加工作包主要包括哪些模块？,IFS多次曝光图像叠加工作包主要包括图像坐标锚定、数据可用性二次检查和数据叠加三个模块，用于在叠加图像暂存空间中填充数据，生成合成图像。
894,IFS天光背景扣除工作包的主要功能是什么？,IFS天光背景扣除工作包的主要功能是基于合成图像以及天光背景模型，迭代扣除天光背景，以消除天光对科学观测的影响。
895,IFS多次曝光合成误差估算工作包是如何计算误差的？,IFS多次曝光合成误差估算工作包通过误差传递计算从单次曝光误差中得出合成图像的误差和协方差矩阵，确保合成图像的误差估计准确可靠。
896,IFS多次曝光合成文件生成工作包的主要步骤是什么？,IFS多次曝光合成文件生成工作包的主要步骤包括头文件创建、图文件创建和FITS文件输出，用于收集所有有用数据并打包成标准FITS文件，生成一级多次合成数据并保存到数据库中。
897,IFS一级合成数据质量检查工作包的主要检查项有哪些？,IFS一级合成数据质量检查工作包的主要检查项包括无效数据点检验、流量误差准确度检验和光谱信噪比检验，确保合成数据的质量和可靠性。
898,测光零点测量的输入和输出分别是什么？,测光零点测量的输入是在轨定标定期拍摄的一组流量定标星场图像，输出是图像的测光零点。
899,颜色改正项计算的主要功能是什么？,颜色改正项计算的主要功能是计算得到图像滤光片的颜色改正项，给巡天模块多色成像流水线流量定标提供参考。
900,透过率计算模块的输出是什么？,透过率计算模块的输出是望远镜相应滤光片的透过率，给巡天模块多色成像流水线流量定标提供参考。
901,测光零点的稳定性分析的主要目的是什么？,测光零点的稳定性分析的主要目的是分析图像的测光零点随时间的变化。
902,颜色改正项的稳定性分析是如何进行的？,颜色改正项的稳定性分析是通过分析长期监测获取的多组滤光片的颜色改正项随时间的变化来进行的。
903,图像滤光片透过率的稳定性分析是如何评估的？,图像滤光片透过率的稳定性分析是通过分析长期监测获取的多组图像滤光片透过率随时间的变化来评估的。
904,测光平场生成工作包的主要流程是什么？,测光平场生成工作包的主要流程是针对在轨定标定期获得的一组特定星场的多指向观测图像进行分析，生成测光平场参考图像。
905,测光交叉定标工作包用于更新什么？,测光交叉定标工作包用于更新多色成像流水线的流量定标得到的测光零点。
906,多色成像PSF建模的输入和输出分别是什么？,多色成像PSF建模的输入是定期拍摄的适当亮度的特定星场原始图像，输出是图像细致且完整的PSF模型。
907,孔径生长曲线分析的主要作用是什么？,孔径生长曲线分析的主要作用是获得其孔径亮度的生长曲线，为多色成像流水线测光提供孔径改正参数。
908,孔径生长曲线的稳定性分析是如何进行的？,孔径生长曲线的稳定性分析是通过分析长期监测得到的多组图像孔径亮度生长曲线，得到曲线及孔径改正参数随时间的变化来进行的。
909,平场立方体参考图像生成后用于什么？,平场立方体参考图像生成后，用于提供给无缝光谱流水线。
910,波长零点获取的主要方法是什么？,波长零点获取的主要方法是通过在轨定标定期拍摄的一组特定星场图像进行零级像探测来获取的。
911,追迹及光谱轨迹函数变化分析的主要步骤有哪些？,追迹及光谱轨迹函数变化分析的主要步骤包括追迹以获取全视场空间的光谱轨迹函数，并进行光谱轨迹函数随时间的变化分析。
912,流量定标响应函数生成及稳定性分析的工作包是如何确保流量定标的准确性的？,流量定标响应函数生成及稳定性分析的工作包通过生成全视场空间的响应函数，并分析流量定标随时间的稳定性变化，来确保流量定标的准确性。
