,question,correct_answer,qianfan_answer,sys_answer,gpt_score,sys_answer_new
100,多功能光学设施的主要科学目标有哪些？,多功能光学设施的主要科学目标包括暗能量、暗物质和宇宙结构形成和演化、星系起源与演化、活动星系核和超大质量黑洞的形成和演化、太阳系外行星、天体测量和太阳系天体研究等。,"多功能光学设施的主要科学目标包括：

* **暗能量、暗物质和宇宙结构形成和演化** 。测量暗能量性质，考察其能量密度随时间演化规律；精确测量宇宙各个尺度上的暗物质结构，考察暗物质是冷的还是温的、暗物质粒子是否具有自相互作用等暗物质本质问题；精确测量红移1.5以来的宇宙结构演化，解释宇宙结构形成过程^[1][2]^。
* **星系起源与演化** 。通过早期宇宙再电离时期的星系（红移6-7，宇宙年龄7-9亿年）揭示宇宙第一代星系的性质以及宇宙再电离中后期的电离过程；通过研究宇宙再电离结束后以及宇宙大尺度结构迅速增长时期的大样本高红移星系（红移2-6，宇宙年龄9-33亿年），揭示宇宙大尺度结构迅速增长过程；研究红移1-2（宇宙年龄33-59亿年）时期的星系，揭示星系和黑洞的联合演化；研究海量星系样本的形态演化、早型星系的星族和金属丰度的分布与演化等；精细研究可分解近邻星系的恒星形成和星族性质，限制星系形成和演化；揭示银河系的结构和边界、银晕的并合历史，发现近邻星系的更多新的矮星系，测量暗物质分布以及宇宙早期化学增丰历史；探究本星系群是否动力学稳定、测量银河系核球和大小麦哲伦云等的动力学结构，揭示银河系和本星系群的演化历史；针对邻近星际介质开展中性碳（CI）分子谱线观测，绘制中性碳的分布、动力学特征以及与星际介质环境的关系^[1][2]^。
* **活动星系核和超大质量黑洞的形成和演化** 。认证大样本活动星系核，研究类星体成团性、红移演化、相关函数、并合几率、寄主星系形态和性质等；测量星系中心气体的内流和外流，理解黑洞如何影响周边环境；开展活动星系核并合的高空间分辨光谱观测，探究活动星系核核区的恒星形成、核星团，理解中心大质量黑洞如何影响星系演化；利用黑洞周围气体和恒星的运动研究黑洞质量等物理特性^[1][2]^。
* **太阳系外行星、天体测量和太阳系天体研究** 。太阳系外行星：通过直接成像探测类太阳光谱型恒星周围的成熟系外行星，对部分视向速度发现行星，恒星星周盘及外星黄道尘成像观测和定量分析；修正行星形成与演化理论，开展比较行星学研究，最终推动搜寻存在生命的行星。天体测量：面向毫角秒级天体定位和天体定轨精度指标，对太阳系移动天体的轨道和类型进行测量和分类；实现毫角秒级的恒星自行和视差归算。提供更深、更暗天空的天球参考架。太阳系小天体探测：新发现一批柯伊伯带（Kuiper belt）天体，改进现有柯伊伯带天体轨道数据质量，获得它们的表面理化特征信息^[1][2]^。",多功能光学设施的主要科学目标包括：观测宇宙中的星系、恒星和行星；研究太阳系内的天体运动；探索黑洞、中子星等极端天体的物理特性；寻找可能存在的外星生命；进行天文观测和实验研究。,0.6,"多功能光学设施的主要科学目标集中在以下几个方面：

1. **暗物质研究**：精确测量红移z=1.5以来各尺度上的暗物质结构，以解答暗物质是否是冷的、暗物质粒子是否具有自相互作用以及星系如何在暗物质晕中形成演化的关键问题。

2. **星系宇宙学**：研究"
101,宇宙学中未解决的基本物理问题包括哪些？,宇宙学中未解决的基本物理问题包括早期暴胀过程的物理机制，暗物质、暗能量的本质，中微子质量和性质，引力的基本性质等。,宇宙学中未解决的基本物理问题包括**早期暴胀过程的物理机制，暗物质、暗能量的本质，中微子质量和性质，引力的基本性质**等^[1]^。,"宇宙学中的基本物理问题是：

1. 引力波：引力波是爱因斯坦广义相对论预言的一种现象。然而，目前尚未观测到引力波的存在。

2. 黑洞：黑洞是一种极端密度和强大的引力场的天体。尽管科学家们已经对黑洞进行了大量的研究，但它们的本质仍然未知。

3. 大爆炸理论：大爆炸理论解释了宇宙是如何形成的。然而，它没有提供关于宇宙何时开始或结束的信息。

4. 暗物质：暗物质是一种无法直接探测到的物质形式，但它在星系分布、星系旋转速度以及宇宙微波背景辐射等现象中扮演着重要角色。

5. 量子力学与广义相对论的统一：这是物理学的一个挑战性问题，试图将量子力学和广义相对论这两种不同的理论结合起来。

6. 宇宙膨胀速率：虽然我们可以通过观察遥远星系的红移来测量宇宙的膨胀速率，但我们仍不清楚这种膨胀速率如何变化。

7. 宇宙的起源和终结：我们对宇宙的起源和终结知之甚少，这可能是由于我们对宇宙的了解还很有限。

8. 宇宙的结构：我们对宇宙的结构（如星系团）的理解仍然非常有限，因为它们之间的相互作用和影响仍然是未知的。",0.4,"宇宙学中未解决的基本物理问题主要包括：

- **早期暴胀过程的物理机制**：暴胀理论解释了宇宙为何会均匀且平坦，但其背后的物理机制仍然未知。
- **暗物质的本质**：暗物质对宇宙结构的形成至关重要，但其构成和相互作用方式仍未完全明确。
- **暗能量的本质**：暗能量驱动着宇宙的加速膨胀，但其性质和来源仍然是宇宙学研究的核心难题。
- **中微子的质量和性质**：虽然已知中微子的质量不为零，但其确切的质量大小、质量顺序（正常层次、倒置层次或接近退化的层次）以及是否存在额外的中微子世代等问题尚待解答。
- **引力的基本性质**：尽管广义相对论描述了引力的作用，但在量子力学层面上如何统一引力理论仍是物理学的一大挑战。

这些问题构成了当前宇宙学研究的重点和难点，也是推动理论发展和观测技术进步的动力所在。"
102,多功能光学设施在科学目标“暗能量、暗物质和宇宙结构形成和演化”上有什么具体任务？,多功能光学设施在科学目标“暗能量、暗物质和宇宙结构形成和演化”上的具体任务包括测量暗能量性质、考察其能量密度随时间演化规律，精确测量宇宙各个尺度上的暗物质结构，以及精确测量红移1.5以来的宇宙结构演化等。,"多功能光学设施在科学目标“暗能量、暗物质和宇宙结构形成和演化”上的具体任务包括：
1. 测量暗能量性质，考察其能量密度随时间演化规律。
2. 精确测量宇宙各个尺度上的暗物质结构，考察暗物质是冷的还是温的、暗物质粒子是否具有自相互作用等暗物质本质问题。
3. 精确测量红移1.5以来的宇宙结构演化，解释宇宙结构形成过程^[1]^。","多功能光学设施（MOPs）是美国国家航空航天局（NASA）的一个项目，旨在通过使用先进的光学技术来研究宇宙中的暗能量、暗物质和宇宙结构形成与演化。这些设备可以收集到大量的数据，并且能够提供关于宇宙中各种现象的详细信息。

多功能光学设施的主要任务包括：

1. 观测暗能量：MOPs可以观测到暗能量的存在，这是宇宙膨胀加速的原因之一。

2. 观测暗物质：MOPs还可以观测到暗物质的存在，这有助于我们更好地理解宇宙是如何形成的。

3. 观测宇宙结构：MOPs可以帮助科学家们了解宇宙中的星系、星云和其他天体如何相互作用以及它们之间的关系。

4. 观测宇宙演化：MOPs还可以帮助科学家们研究宇宙的演化历史，例如宇宙大爆炸后的早期阶段。

5. 提供高质量的数据：MOPs可以收集到大量高质量的数据，这对于科学研究至关重要。

6. 促进国际合作：MOPs是一个国际性的项目，它促进了不同国家之间科学家的合作，共同探索宇宙的秘密。

7. 探索未知领域：MOPs的研究范围非常广泛，从恒星到黑洞，从行星到星系，都可以成为其关注的对象。",0.3,"多功能光学设施在“暗能量、暗物质和宇宙结构形成和演化”的科学目标下有以下具体任务：

- **暗能量研究**：测量暗能量性质，探究其能量密度随时间的变化规律；精确测量宇宙各个尺度上的暗物质结构，探讨暗物质的性质，比如是否冷的或具有自相互作用；精确测量红移1.5以来的宇宙结构演化，理解宇宙结构形成的过程。

- **暗物质研究**：精确测量红移z=1.5以来各尺度上的暗物质结构，尝试解答暗物质是否冷的、是否有自相互作用以及星系如何在暗物质晕中形成演化的关键问题。这包括利用弱引力透镜和强引力透镜技术，以及动力学分析，来研究暗物质性质和重子物质的复杂过程。

- **宇宙结构形成和演化**：研究不同红移时期的星系，如宇宙第一代星系、宇宙再电离结束后的星系、以及红移1到2时期星系，以揭示星系和黑洞的联合演化，以及星系的形态演化、早型星系的星族和金属丰度的分布与演化等。

多功能光学设施通过这些任务，旨在深入理解暗能量、暗物质及其对宇宙结构形成和演化的影响，推动宇宙学领域的科学研究。"
103,活动星系核和超大质量黑洞的形成和演化研究对于理解宇宙有何重要意义？,活动星系核和超大质量黑洞的形成和演化研究对于理解宇宙有重要意义，因为它们揭示了星系演化的重要机制，帮助我们理解星系中心区域的物理环境以及星系与黑洞之间的相互作用。,活动星系核和超大质量黑洞的形成和演化研究对于理解宇宙具有重要意义，因为**活动星系核是星系中心处于活跃吸积状态的超大质量黑洞，其在星系的形成与演化、宇宙大尺度结构的形成与演化等过程当中扮演了极其重要的角色**。深入理解活动星系核自身繁杂的物理性质及其在这些过程中所涉及的种种具体物理过程，是当前及未来国内外大型多波段天文观测项目的重要科学目标之一^[2]^。,"活动星系核（AGN）和超大质量黑洞（SMBH）的研究对于理解宇宙有着重要的意义。这些天体是宇宙中最活跃、最神秘的现象之一，它们的存在揭示了宇宙中许多未解之谜。

1. **活动星系核（AGN）**：AGN是指那些通过强烈的辐射发射能量的恒星周围环绕着气体和尘埃的星系。这些星系通常位于远离地球的遥远区域，因此其活动性可以被观察到。AGN的研究有助于我们了解星系如何产生并维持极端的环境条件，如高温度、高压力和高速旋转等。此外，AGN还与银河系中的物质运动有关，对理解宇宙结构和演化至关重要。

2. **超大质量黑洞（SMBH）**：SMBH是宇宙中最大的黑洞，它们的质量通常在数百万至数十亿太阳质量之间。SMBH的研究可以帮助我们理解黑洞是如何形成的，并且它们是否可能影响周围的星系或星系团的行为。例如，一些科学家认为，SMBH可能是推动星系合并的关键因素。

3. **演化研究**：通过研究AGN和SMBH的形成和演化过程，我们可以更好地理解宇宙的起源和演化进程。这包括了解星系是如何从原始星云开始形成，以及它们如何发展成为拥有大量恒星和气体的复杂系统。此外，研究SMBH的演化也可以帮助我们理解黑洞如何与其他天体相互作用，以及它们如何影响周围的星系和星系团。

总之，活动星系核和超大质量黑洞的研究对于理解宇宙的结构、演化和基本原理具有重要意义。通过深入研究这些现象，我们可以更全面地认识宇宙的本质，为人类探索宇宙提供新的视角和理论框架。",0.9,"活动星系核和超大质量黑洞的研究对于理解宇宙具有极其重要的意义：

1. **星系形成与演化**：活动星系核与超大质量黑洞的形成和演化与星系的形成和演化密切相关。通过对这些对象的研究，科学家可以深入了解星系如何形成、成长和演变的过程，从而揭示宇宙早期的状态和演化路径。

2. **宇宙大尺度结构**：超大质量黑洞在宇宙大尺度结构的形成和演化中扮演关键角色。它们的活动影响周围的物质分布，促进星系团的形成和发展，因此研究活动星系核有助于理解宇宙的整体结构和动态变化。

3. **宇宙学演化**：活动星系核和超大质量黑洞的存在和行为提供了关于宇宙早期条件的信息。比如，通过研究高红移的活动星系核，科学家可以了解宇宙早期的物理状态和宇宙的膨胀历史。

4. **黑洞物理学**：活动星系核中的超大质量黑洞提供了研究极端条件下物理现象的机会，包括黑洞的吸积过程、相对论效应、电磁辐射产生机制等，这些都是经典物理学和广义相对论的极限测试。

5. **宇宙学参数**：通过分析活动星系核的特性，如其亮度、红移、结构等，科学家可以推算出宇宙的年龄、膨胀速率、暗能量的比例等重要宇宙学参数。

综上所述，活动星系核和超大质量黑洞的研究不仅丰富了我们对宇宙本质的认识，也为解决宇宙学中的若干基本问题提供了关键线索。"
104,中国空间站多功能光学设施(CSST)预计什么时候发射？,中国空间站多功能光学设施(CSST)预计将于2024年发射。,中国空间站多功能光学设施(CSST)预计将于**2024年**发射^[1]^。,中国空间站多功能光学设施（CSST）预计在2023年发射。,0.5,根据已知信息无法回答该问题。
105,CSST的10年巡天面积预计是多少？,CSST的10年巡天面积预计是17500平方度。,CSST的10年巡天面积预计是**17500平方度**^[1]^。,CSST的10年巡天面积预计是400平方度深场和10+10平方度极深场，总面积比目前所有此类巡天面积之和大一个数量级。,0.5,根据已知信息，中国空间站多功能光学设施（CSST）预计将在10年内完成17500平方度的天区巡天。
106,宇宙加速膨胀是在哪一年被发现的？,宇宙加速膨胀是在1998年被两个独立的研究小组通过对超新星的观测和分析发现的。,宇宙加速膨胀是在**1998年**被发现的^[1]^。,宇宙加速膨胀是在1998年由罗伊·瑞斯(Roy S. Riess)、杰拉尔德·佩尔默特(Gerald A. Perlmutter)和约翰·韦伯(John D. Webber)共同发现的。这一发现被认为是当时最重要的科学成就之一，因为它的发现揭示了宇宙正在加速膨胀的事实。这个发现也被称为“宇宙加速膨胀”，它改变了人们对宇宙的理解，并为后来的科学研究提供了重要的线索。,0.8,宇宙加速膨胀是在1998年由Riess等人和Perlmutter等人各自独立发现的。
107,解释宇宙加速膨胀的主要挑战是什么？,解释宇宙加速膨胀的主要挑战是理解宇宙为何能加速膨胀，这与现有的理论，如广义相对论，相矛盾。可能的解释包括暗能量的存在或广义相对论在宇宙学尺度上的修正。,宇宙加速膨胀的主要挑战是**理解暗能量的本质和性质**。根据爱因斯坦的引力理论（即广义相对论），一个只包含物质的宇宙只能减速膨胀，而不能加速膨胀。理论上，加速膨胀意味着或者宇宙中70%左右的能量是由一种具有负压强的“暗能量”提供的，或者是广义相对论在宇宙学尺度上需要修正。暗能量研究是第三代和第四代大规模星系巡天的主要科学目标之一，需要结合多重宇宙学探针，包括超新星、重子声波振荡、红移空间畸变、弱引力透镜、宇宙微波背景辐射等^[1][2]^。,"宇宙加速膨胀是一个复杂的问题，它涉及到多个科学领域。以下是一些主要挑战：

1. 量子力学：量子力学是解释宇宙行为的基础理论之一。然而，目前还没有一个完全准确的量子力学模型来描述宇宙的加速膨胀。

2. 大爆炸理论：大爆炸理论认为宇宙在大约138亿年前开始形成，并且随着时间的推移而加速膨胀。但是，这个理论需要大量的观测数据和实验验证才能得到证实。

3. 引力波：引力波是一种由重力引起的波动，它们可以被探测到并用来研究宇宙的结构和演化。然而，我们尚未发现任何引力波信号，这可能意味着我们的宇宙正在以一种不同于我们所知的方式加速膨胀。

4. 暗物质和暗能量：尽管我们知道宇宙中存在大量未被观测到的物质（即暗物质），但我们仍然不知道这些物质是如何影响宇宙的。同样，我们对暗能量的理解也很有限。

5. 现代物理学：现代物理学包括了广义相对论、量子场论等理论，但它们都面临着一些挑战，例如量子纠缠、黑洞熵等问题。

6. 观测误差：由于宇宙中的星系和气体云分布非常广泛，因此观察者可能会受到各种因素的影响，如距离偏差、光谱偏移等，从而导致观测结果出现偏差。

7. 时间旅行：如果时间旅行是可能的，那么它将改变过去或未来的时间线，从而影响当前的宇宙状态。然而，目前没有证据表明时间旅行是可能的。

以上就是关于宇宙加速膨胀的主要挑战。",0.2,宇宙加速膨胀的主要挑战在于理解其背后的物理原因。根据爱因斯坦的广义相对论，一个仅由物质组成的宇宙应当表现出减速膨胀而非加速膨胀。这一现象暗示存在一种未知的能量形式——暗能量，它提供了一种负压力，使得宇宙膨胀速率增加。暗能量占据了宇宙总能量密度的大约70%，其性质至今未明，可能是由于宇宙学尺度上广义相对论的局限性，或者是基本粒子物理学的缺失。为了解决这个挑战，科学家们需要深入研究暗能量的特性，同时探索修改后的引力理论的可能性。这涉及到多个宇宙学探针技术的发展，例如超新星观测、重子声波振荡、红移空间畸变、弱引力透镜和宇宙微波背景辐射分析。此外，通过国际合作项目，如中国的CSST、欧洲的Euclid、美国的SDSS-IV、DESI、LSST等大型巡天计划，科学家们正努力收集更多数据，以期更精确地描绘宇宙结构的增长历史，进而揭示暗能量的性质及其与引力理论的关系。
108,暗能量对宇宙膨胀有什么影响？,暗能量被认为是导致宇宙加速膨胀的主要因素。根据爱因斯坦的广义相对论，宇宙加速膨胀意味着宇宙中可能存在一种具有负压强的能量，即暗能量。,暗能量对宇宙膨胀的影响是**加速宇宙膨胀**。根据爱因斯坦的引力理论，一个只包含物质的宇宙只能减速膨胀，而不能加速膨胀。理论上，加速膨胀意味着宇宙中70%左右的能量是由一种具有负压强的“暗能量”提供的，或者是广义相对论在宇宙学尺度上需要修正^[1][2]^。,"暗能量是宇宙中的一种神秘力量，它占据了宇宙总质量的约68%，并且在加速膨胀。暗能量的存在和作用对于宇宙的未来有着深远的影响。

暗能量是一种没有质量、不与物质相互作用的能量形式，它的存在使得宇宙的膨胀速度比光速还要快。这种现象被称为“暗能量加速膨胀”，这是目前宇宙学中的一个重大发现。

暗能量的作用主要体现在两个方面：一是它使宇宙的膨胀速度加快；二是它可能会影响宇宙的结构演化，比如可能导致星系之间的距离增加等。

总的来说，暗能量对宇宙的膨胀有着重要的影响，我们需要进一步的研究来更好地理解这个神秘的力量。",0.8,"暗能量的存在导致了宇宙的加速膨胀。根据爱因斯坦的广义相对论，一个仅由物质组成的宇宙应该会减速膨胀而不是加速。然而，观测显示宇宙确实是在加速膨胀。这暗示着宇宙中大约70%的能量是以具有负压力的""暗能量""形式存在。暗能量的这种特性使得宇宙膨胀速率增加，这是现代科学面临的最大挑战之一。理解暗能量的本质对于揭示宇宙的基本规律至关重要。"
109,宇宙微波背景辐射(CMB)是什么？,宇宙微波背景辐射(CMB)是宇宙大爆炸后留下的辐射残余，是大爆炸后38万年时，宇宙温度降低到足够让电子与原子核结合形成原子时释放的电磁波。,"宇宙微波背景辐射(CMB)是宇宙大尺度的原初度规扰动来源于极早期宇宙的暴胀的物理现象^[1]^。

最简单的单场慢滚暴胀给出的原初扰动的功率谱非常接近幂函数，写成无量纲形式就是：K'Ps(K)ns-1 △(k)≡2元pivot/, 这里的k是共动波数，kpivot =0.05mpc-1是选定的参照波数。宇宙微波背景辐射(CMB)的观测没有发现原初功率谱对幂函数形式的任何偏离^[1]^。","宇宙微波背景辐射（Cosmic Microwave Background Radiation, CMB）是宇宙大爆炸理论的一个重要证据。它是由宇宙早期温度和密度不均匀性引起的热辐射，其特征是均匀、冷而暗淡的光谱线，这种光谱线在可见光之外，因此我们无法直接观测到它。

CMB的发现为宇宙学提供了重要的证据，特别是对于宇宙的大尺度结构和膨胀历史的理解。它的存在也支持了宇宙大爆炸理论，并且帮助科学家们推断出宇宙的年龄、初始条件以及可能存在的暗物质和暗能量等未知成分。",0.7,宇宙微波背景辐射（CMB）是指在宇宙大爆炸后约38万年，当宇宙冷却到足够低的温度，电子与质子重新结合形成原子，释放出的一种极其微弱的电磁辐射。这种辐射遍布整个宇宙空间，几乎均匀分布，并且具有近乎绝对零度的温度，大约为2.725开尔文。CMB是宇宙早期热平衡状态的遗迹，它提供了关于宇宙初始条件的重要信息，包括宇宙的年龄、大小、组成成分（如普通物质、暗物质和暗能量的比例）、以及宇宙的大致形状等。CMB的研究对于理解宇宙的起源、演化以及可能存在的物理定律至关重要。
110,动力学暗能量模型中w的值与什么因素有关？,在动力学暗能量模型中，w的值与暗能量的压强P与能量密度ρ的比值有关，即状态方程w。w随时间演化，其值取决于模型的具体形式。,"**动力学暗能量模型中w的值与红移z有关，即w是红移z的函数，w随时间演化**^[1]^。

特别地，w>-1对应“精质”模型(quintessence); w<-1对应“幽灵”模型(phantom); 而w在演化过程中越过-1则为“精灵”模型(quintom)。从天文观测中重建w的演化历史对于研究暗能量的本质至关重要^[1]^。",动力学暗能量模型中的w值与宇宙膨胀率、宇宙密度和宇宙年龄等因素有关。在宇宙学中，w是描述宇宙膨胀速度的一种参数，它表示了宇宙膨胀的速度相对于光速的平方。当w=1时，宇宙正在加速膨胀；当w<1时，宇宙正在减速膨胀；当w>1时，宇宙正在加速收缩。因此，w值的变化反映了宇宙膨胀速率的变化，从而影响到宇宙的演化过程。,0.5,动力学暗能量模型中w的值是红移z的函数，即w随时间演化。
111,重建暗能量状态方程w的演化历史的主要方法有哪些？,重建暗能量状态方程w的演化历史的主要方法包括参数化方法和非参数化方法。参数化方法是通过假设w的函数形式来重建其演化历史，而非参数化方法则直接由数据给出w的演化。,"重建暗能量状态方程w的演化历史的主要方法分为**参数化方法**和**非参数化方法**^[1]^。

参数化方法简单易行，结果便于量化，但结果依赖于人为假设的w的函数形式。

非参数化方法中，w没有固定的函数形式，而是按照一定规则直接由数据给出，因此该方法更具有一般性。但非参数化方法通常对算法设计要求很高，需要的计算量也较参数化方法大很多。因此两种重组方法优势互补^[1]^。","重建暗能量状态方程w的演化历史主要的方法有：

1. 理论分析：通过理论模型和数学工具来研究暗能量的状态方程。

2. 实验数据：利用观测到的宇宙学数据，如宇宙膨胀速度、星系红移等，来验证或修正暗能量的状态方程。

3. 模拟计算：使用计算机模拟技术来预测暗能量的行为，并与观测结果进行比较，以确定状态方程是否正确。

4. 数据挖掘：通过对大量天文观测数据的深入分析，发现其中可能存在的模式和规律，从而推断出暗能量的状态方程。",0.4,"重建暗能量状态方程 \(w\) 的演化历史主要有两大类方法：

1. **参数化方法**：
   - **优点**：简单易行，结果便于量化。
   - **缺点**：结果依赖于人为假设的 \(w\) 函数形式。

2. **非参数化方法**：
   - **特点**：\(w\) 没有固定的函数形式，而是按照一定规则直接由数据给出，因此该方法更具有一般性。
   - **挑战**：通常对算法设计要求较高，计算量较大。

这两种方法各有优势，优势互补，共同用于研究暗能量的本质。"
112,参数化方法重建w的优缺点是什么？,参数化方法重建w的优点是简单易行，结果便于量化，缺点是结果依赖于人为假设的w的函数形式。,参数化方法重建w的优点是**简单易行，结果便于量化**。缺点是结果依赖于人为假设的w的函数形式。参数化方法通常需要根据特定的暗能量模型或观测数据来假设w(z)的函数形式，如w(z) =w0+wa z/(1+z)。这种假设会限制w的演化历史，并可能导致理论困难，如精细调节问题^[1]^。,"参数化方法是一种将模型参数化的方法，它允许用户通过调整模型参数来改变模型的行为。这种方法的优点是它可以提供更灵活和可定制的模型，可以更好地适应不同的数据集和任务需求。然而，它的缺点是可能需要更多的计算资源和时间来训练模型，并且可能会导致过拟合问题。

参数化方法的缺点包括：

1. 训练时间和计算资源：由于需要调整模型参数，因此可能导致训练时间和计算资源增加。

2. 过拟合问题：如果参数设置不当，可能会导致模型过度拟合，从而在新的数据上表现不佳。

3. 可解释性：虽然参数化方法提供了更多的灵活性，但它们通常不具有良好的可解释性，这使得理解和维护模型变得困难。

4. 不稳定性：参数化方法可能不稳定，因为参数值的变化会影响模型的表现。",0.3,"参数化方法在重建暗能量的状态方程 \(w\) 时具有一些优点和缺点：

**优点**：
1. **简单易行**：参数化方法通常基于简单的数学表达式，使得方法易于理解和实现。
2. **结果便于量化**：通过特定的形式表达 \(w\) 随红移的变化，可以方便地进行数据分析和比较。

**缺点**：
1. **结果依赖于人为假设**：参数化的 \(w(z)\) 函数形式是由人类设定的，这可能导致结果受到主观选择的影响。
2. **一般性有限**：因为预先定义了 \(w\) 的函数形式，这种方法可能不能完全捕捉所有潜在的复杂行为，特别是在 \(w\) 实际变化方式复杂的场景下。

综上所述，参数化方法提供了直观且易于操作的途径来估计 \(w\) 的变化趋势，但在解释结果时需注意其依赖于预设模型的局限性。"
113,非参数化方法相比参数化方法有哪些优势？,非参数化方法相比参数化方法的优势在于不需要事先假设w的函数形式，因此会给出更准确的结果，更具有一般性。但非参数化方法对算法设计要求很高，计算量也较大。,"非参数化方法相比参数化方法的优势有：

* **不依赖于具体的暗能量模型** 。非参数化方法不假设w(z)的函数形式，因此可以给出更准确的结果^[1]^。
* **更具有一般性** 。非参数化方法中的w没有固定的函数形式，而是按照一定规则直接由数据给出，因此该方法更具有一般性^[1]^。

但需要注意的是，非参数化方法通常对算法设计要求很高，需要的计算量也较参数化方法大很多^[1]^。","1. 参数化方法通常需要预先定义模型结构和参数，这可能会影响模型的表现。非参数化方法不需要预先定义模型结构和参数，因此可以更灵活地调整模型以适应不同的数据集。

2. 参数化方法在训练过程中可能会遇到过拟合问题，因为模型需要学习大量的特征来捕捉数据中的模式。而非参数化方法则可以在一定程度上避免过拟合，因为它直接使用原始数据进行训练，而不是通过特征工程来构建模型。

3. 参数化方法通常需要更多的计算资源来训练复杂的模型，因为它们需要更多的时间来优化参数。非参数化方法则可以通过简单的梯度下降算法来训练模型，因此计算效率更高。

4. 参数化方法通常需要更多的手动工作来设置超参数，例如正则化系数、学习率等。非参数化方法则可以直接从原始数据中提取这些信息，从而减少人工干预。

5. 参数化方法通常需要更多的内存来存储模型参数，因为它们需要保存所有参数的变化历史。非参数化方法则只需要保存当前模型的状态，因此节省了内存。",0.6,"非参数化方法相比参数化方法的主要优势在于：

1. **一般性更强**：非参数化方法不需要预先设定w(z)的具体函数形式，这使得它能够适用于更广泛的情况，而不仅仅是特定的暗能量模型。

2. **结果更加客观**：因为结果直接由数据给出，而非依赖于预设的函数形式，所以非参数化方法提供的结果被认为更为客观和可靠。

3. **系统偏差问题**：虽然存在系统偏差的问题，但非参数化方法在这方面的影响相对较小，因为它不像参数化方法那样高度依赖于特定的假设或模型。

4. **准确性更高**：理论上，非参数化方法能够给出更精确的结果，因为它避免了人为假设带来的潜在误差。

然而，非参数化方法通常需要更高的计算复杂性和算法设计要求，这是相对于参数化方法的一个劣势。"
114,CSST的成像观测主要目标是什么？,CSST的成像观测主要目标是进行高精度弱引力透镜测量，以及提供多波段、高分辨率的测光红移测量数据，支持暗能量、宇宙大尺度结构等宇宙学研究。,CSST的成像观测主要目标是**以高精度弱引力透镜测量为主要科学目标**。其高分辨率、多波段观测将为剪切信号测量、测光红移测量提供优质数据。对于计划中的17500平方度巡天，预计测量到的星系数密度达～30arcmin-2，中值红移为～0.86^[1]^。,CSST（中国科学卫星技术试验卫星）的主要目标是验证和测试航天器在轨运行的技术性能。它将用于进行一系列的实验，包括对地球大气层、太阳风、宇宙射线等物理现象的研究。此外，CSST还将用于收集有关太阳活动的信息，并为未来的太空探索提供数据支持。,0.0,根据已知信息无法回答该问题。提供的信息中未明确提及CSST的成像观测主要目标。
115,弱引力透镜信号对研究暗能量有什么重要性？,弱引力透镜信号对研究暗能量非常重要，因为它对宇宙物质的密度分布和空间几何十分敏感，而暗能量及其状态方程直接决定了宇宙的空间几何和物质分布。,"弱引力透镜信号对研究暗能量的重要性如下：

* **弱引力透镜信号是暗能量研究的重要观测手段** 。暗能量及其状态方程直接决定了宇宙的空间几何和物质分布，从而决定了宇宙的演化历史。研究弱引力透镜，尤其是不同红移区间的弱引力透镜信号，可以非常有效的研究暗能量并限制暗能量状态方程^[1]^。
* **CSST成像观测以高精度弱引力透镜测量为主要科学目标** 。其高分辨率、多波段观测将为剪切信号测量、测光红移测量提供优质数据。对于计划中的17500平方度巡天，预计测量到的星系数密度达～30arcmin-2，中值红移为～0.86^[1]^。

因此，弱引力透镜效应是暗能量研究的重要观测手段，CSST成像观测将以此为重要科学目标，提供高质量的观测数据。","弱引力透镜信号是通过观测星系团中光线被其背后的背景天体（如星系）弯曲而产生的。这种现象在宇宙学上非常重要，因为它可以用来测量暗能量的强度和分布。

暗能量是一种未知的能量形式，它占宇宙总能量的约70%。它的存在可以通过弱引力透镜效应来间接检测。当光线穿过一个大质量物体时，比如一个星系或星系团，它会被这个物体的重力场弯曲。如果这个物体的质量足够大，那么光线就会发生显著的偏折，这被称为弱引力透镜效应。通过对这些效应的研究，科学家们能够推断出暗能量的存在，并了解暗能量如何影响宇宙的结构和演化。

因此，弱引力透镜信号对于研究暗能量具有重要意义。",0.9,"弱引力透镜信号对研究暗能量至关重要，因为它能有效揭示宇宙物质的分布和空间几何特性，而这两种属性直接关联着暗能量的状态方程。通过分析不同红移区间的弱引力透镜信号，科学家们可以深入理解暗能量的性质和宇宙的演化历史。具体来说：

1. **宇宙物质分布与空间几何**：暗能量的存在及其状态方程直接影响宇宙的大尺度结构和空间几何。弱引力透镜现象反映了光线经过宇宙中物质分布时发生的微小弯曲，这种效应与暗能量紧密相关，因为暗能量驱动了宇宙的加速膨胀，进而影响物质的分布模式。

2. **高精度测量**：空间站星系巡天（如CSST）的高分辨率和高质量稳定成像技术降低了系统误差的影响，提高了观测精度。相比地面观测，它提供了更为清晰的数据，有助于更准确地测量弱引力透镜效应。

3. **检验暗能量模型**：通过弱引力透镜测量，可以验证宇宙加速膨胀理论和区分暗能量与修改引力的可能性。如果观测结果与标准的广义相对论加暗能量模型（GR+DE）存在显著差异，则可能暗示存在修改引力的现象。

4. **限制暗能量参数**：利用弱引力透镜效应，可以对暗能量参数进行严格的限制。例如，通过分析剪切信号和星系团的观测数据，可以推断暗能量状态方程的参数，从而深入了解暗能量的性质。

综上所述，弱引力透镜信号不仅提供了研究暗能量的重要途径，而且随着未来观测技术的发展，如CSST这样的空间观测平台，有望进一步提升对暗能量参数的限制精度，推动我们对宇宙本质的理解。"
116,什么是弱引力透镜峰值统计？,弱引力透镜峰值统计是一种集中于高信号非线性区域的统计方法，与剪切两点统计高度互补，可以帮助进一步改进对暗能量的限制。,"弱引力透镜峰值统计是**利用弱引力透镜效应，通过观测宇宙大尺度结构中的物质分布，统计峰值数量及其分布规律，以限制宇宙学参数和修改引力理论**的方法^[1][2]^。

弱引力透镜效应与大尺度结构密切相关，主要信号来源于非线性结构，因此具有高度非高斯性。剪切两点相关不能反应全部的宇宙学信息，而峰值统计集中于高信号非线性区域，与剪切两点统计高度互补。通过加入峰值统计，可以进一步增加对暗能量参数的限制精度，改进对于暗能量的限制^[1]^。",弱引力透镜是一种宇宙学现象，它是指当一个物体（例如一颗恒星）穿越一个弯曲的时空时，由于引力的作用，它的光线会发生弯曲。这种现象可以通过观察这些光线的弯曲程度来探测宇宙的某些特性，比如暗能量和宇宙膨胀速度等。弱引力透镜效应与大尺度结构密切相关，主要信号来源于非线性结构，因此具有高度非高斯性，剪切两点相关不能完全反映全部的宇宙学信息。弱引力透镜峰值统计集中于高信号非线性区域，与剪切两点统计高度互补。加入峰值统计后，对暗能量参数的限制更加精确。此外，还可以考虑红移层析信息，期望可以进一步提高限制精度。目前，弱引力透镜的研究正在成为宇宙学研究的重要领域之一。,0.9,弱引力透镜峰值统计是一种宇宙学观测技术，主要用于分析弱引力透镜效应。它关注的是高信号非线性区域中的透镜峰，这些峰包含了丰富的宇宙学信息。相较于传统的剪切两点相关方法，弱引力透镜峰值统计能提供更多的宇宙学参数限制，特别是对于暗能量参数的约束。通过分析这些峰值，科学家可以更精确地理解宇宙的结构、组成及其演化，进而检验宇宙加速膨胀理论和区分暗能量与修改引力的可能性。
117,CSST弱引力透镜观测的主要挑战是什么？,CSST弱引力透镜观测的主要挑战包括实现高精度的剪切信号测量，以及精确测量和校准测光红移。此外，还需要深入理解和处理各种可能的观测和物理系统误差效应。,CSST弱引力透镜观测的主要挑战是**系统误差的影响**。由于弱引力透镜信号非常微弱，任何微小的系统误差都可能导致观测结果的偏差。因此，如何降低系统误差的影响，提高观测的精度和准确性，是CSST弱引力透镜观测面临的主要挑战之一。此外，由于弱引力透镜观测需要高精度测量，对观测仪器的要求也非常高，这也是CSST弱引力透镜观测所面临的挑战之一^[1]^。,"CSST弱引力透镜观测的主要挑战包括：

1. 确定合适的观测时间：CSST弱引力透镜观测需要在特定的时间段内进行，以确保观测到足够的信号。这可能涉及到对天文事件的精确预测和跟踪。

2. 选择合适的观测地点：CSST弱引力透镜观测通常需要在远离地球的大气层之外进行，以减少大气干扰的影响。因此，选择一个远离地球且没有大气污染的地方是非常重要的。

3. 减少背景噪声：由于CSST弱引力透镜观测是在宇宙中进行的，因此可能会受到其他天体活动的影响，如星系团、黑洞等。为了减少这些影响，需要采取一些措施来降低背景噪声。

4. 提高数据处理能力：CSST弱引力透镜观测的数据量非常大，需要强大的计算能力和高效的算法来处理和分析数据。因此，提高数据处理能力是必要的。

5. 建立可靠的模型：为了更好地理解CSST弱引力透镜观测的结果，需要建立可靠的数据模型。这需要大量的数据分析和建模工作。",0.2,"根据已知信息无法回答该问题。已有的信息主要关注CSST弱引力透镜观测的目标、科学意义、预期成果以及与其他观测手段的互补关系，但并未明确提及CSST弱引力透镜观测的主要挑战。通常而言，弱引力透镜观测面临的挑战可能包括但不限于：

- **数据处理难度**：大规模的数据集需要高效的算法和技术来进行分析，以提取出微弱的透镜效应。
- **系统误差控制**：确保仪器稳定性和环境条件的一致性，减少由技术因素引入的误差。
- **统计不确定性**：在有限的数据下获得高精度的参数估计，统计误差是一个关键挑战。
- **暗物质性质的不确定性**：理解暗物质的属性（如自交互性、温度等）会影响对暗物质分布的理解，增加了预测和解释观测结果的复杂性。
- **理论模型的局限性**：现有的理论模型可能不足以完全描述宇宙的复杂性，特别是在暗物质和暗能量的作用机制上。

然而，具体针对CSST项目的挑战细节没有在给定的信息中明确列出。"
118,什么是天深场深度？,天深场深度指观测能够探测到的最暗弱的星系或天体的光度或星等。在此上下文中，天深场深度是相对于主巡天深场深度而言的，能够提供更深入的观测，从而揭示更暗弱的星系样本。,"天深场深度是指**在天文观测中，能够探测到的最暗弱星系的亮度或星等**。具体来说，它代表了望远镜能够观测到的天体亮度范围，即从最亮的恒星到最暗的矮星等。天深场深度越深，意味着能够观测到的暗弱天体数量越多，这对于研究宇宙中的暗物质和暗能量等科学问题具有重要意义^[1]^。

在天文学中，天深场深度通常使用星等（magnitude）来描述。星等越小，表示天体越亮；星等越大，表示天体越暗。因此，天深场深度也可以理解为能够观测到的最暗星等的范围。例如，如果某个天文观测项目能够观测到25等（25th magnitude）的恒星，那么它的天深场深度就可以表示为25等。",“天深场深度”是指通过使用特定设备或技术，在一定时间内收集到的图像或数据量。例如，如果一个天文望远镜在一个小时内拍摄了大量的照片，那么这个过程就是一种深度观测。此外，“天深场深度”也可以指宇宙中的某个区域或物体的深度，比如黑洞或其他天体。,0.2,根据已知信息无法回答该问题。
119,CSST-MCI的超深场在弱引力透镜宇宙学中有何帮助？,CSST-MCI的超深场能够更精确的测量星系的形状，对弱引力透镜形状的测量将起到非常大的帮助，并有助于对主巡天成像欠采样问题进行校正定标。,"CSST-MCI的超深场在弱引力透镜宇宙学中的帮助有：

* **超深场的数据比Hubble XDF深0.2星等，比主巡天深场深3星等** 。这意味着超深场的观测可比主巡天深场深度的观测至少提高15倍的流量测量信噪比^[1]^。
* **CSST-MCI的超深场能够更精确的测量星系的形状** 。这有助于对弱引力透镜形状的测量，能够减小测量误差^[1]^。
* **CSST-MCI的超深场可以用来对主巡天弱引力透镜宇宙学进行定标** 。这有助于对主巡天成像欠采样问题进行校正定标，提高弱引力透镜宇宙学的测量精度^[1]^。","CSST-MCI的超深场（CSST Deep Field）是美国国家航空航天局（NASA）和欧洲航天局（ESA）合作开发的一个大型天文观测项目。该项目的目标是在宇宙中寻找暗物质存在的证据，并通过分析这些数据来研究宇宙的大尺度结构。

在弱引力透镜宇宙学中，CSST-MCI的超深场可以提供一些重要的信息。首先，它可以帮助科学家们更好地理解暗物质的存在。暗物质是一种不与电磁力相互作用的物质，因此很难直接观察到。然而，它的存在可以通过其对光线的扭曲效应（即引力透镜效应）被间接检测出来。通过对CSST-MCI的超深场进行观测，科学家们可以更准确地测量暗物质的质量分布，从而进一步了解暗物质的本质。

此外，CSST-MCI的超深场还可以帮助科学家们研究宇宙大尺度结构的发展过程。通过对不同区域的观测，科学家们可以比较它们之间的差异，从而推断出宇宙是如何随着时间而变化的。例如，通过分析CSST-MCI的超深场中的星系团，科学家们可以了解它们如何形成、演化以及最终消失的过程。

总的来说，CSST-MCI的超深场对于理解和探索宇宙的奥秘具有重要意义。通过分析这些数据，科学家们不仅可以获得关于暗物质和宇宙大尺度结构的重要信息，还可以推动我们对宇宙的理解和发展。",0.3,"CSST-MCI的超深场在弱引力透镜宇宙学中提供了多个关键方面的帮助：

1. **提高测量信噪比**：超深场的数据相比其他巡天项目更深，这意味着在相同面积的观测中能检测到更多亮度更低的星系，这提高了对星系形状的测量信噪比，从而更准确地进行弱引力透镜分析。

2. **空间分辨率匹配**：CSST-MCI的像元空间分辨率（0.074""/像素）更适合匹配CSST的整体空间分辨率，这使得在进行弱引力透镜分析时，能够更精确地处理图像细节，减少因空间分辨率不足导致的误差。

3. **星系形状测量**：更高的空间分辨率和更深的观测深度允许更精确地测量星系的形状，这对弱引力透镜分析至关重要，因为星系的形状变化反映了背后的引力场。

4. **暗弱星系测量**：超深场能够探测到较暗弱的星系，这对于理解整个星系样本的完整性和统计特性非常重要。通过模拟和实际观测，确保了对暗弱星系的正确测量，减少了系统误差。

5. **星系样本分布**：超深场能够探索主巡天极限以下的星系样本分布，这有助于确定星系样本的选择函数，包括样本的完备性、典型性和准静态性，从而提高主巡天科学产出的精度。

6. **系统误差校正**：通过对比不同深度的观测数据，超深场数据可用于检验并降低巡天主任务的系统误差，帮助校准最终在重子声学震荡和弱引力透镜两方面的科学方案，决定最终限制宇宙暗物质和暗能量参数的精度。

综上所述，CSST-MCI的超深场通过提供更深层、更高分辨率的观测数据，极大地增强了在弱引力透镜宇宙学研究中的能力，有助于更准确地测量星系的形状、探索暗弱星系、优化星系样本、校正系统误差，以及提高对宇宙学参数的限制精度。"
120,为什么需要模拟CSST-MCI超深场？,模拟CSST-MCI超深场有助于消除由于光度更暗弱的星系造成的引力透镜信号测量偏差，提高主巡天的科学产出精度，并帮助校准科学方案。,"需要模拟CSST-MCI超深场的原因如下：

* **CSST-MCI紫外光学超深场可以用来对主巡天弱引力透镜宇宙学进行定标** 。超深场的数据比Hubble XDF深0.2星等，比主巡天深场深3星等。同样星系，超深场的观测可比主巡天深场深度的观测至少提高15倍的流量测量信噪比^[1]^。
* **CSST-MCI的像元空间分辨率更能匹配CSST成像空间分辨率的采样** 。所以，保证空间分辨率下的CSST-MCI超深场将对弱引力透镜宇宙学起重要作用，有助于对主巡天成像欠采样问题进行校正定标^[1]^。
* **CSST-MCI超深场将能够提供精确的暗弱星系模型用于仿真数据建立，有助于消除此项误差的影响** 。暗晕中心密度轮廓的精确限制需要结合强弱引力透镜与动力学数据，而CSST-MCI超深场可以通过选择合适的强引力透镜源星系团，利用CSST-IFS后随观测得到其中心光谱信息，进行动力学分析^[2]^。",模拟CSST-MCI超深场是为了更好地理解宇宙中的星系和黑洞。它可以帮助科学家们研究宇宙中不同类型的天体，并帮助他们了解宇宙的发展历史。此外，模拟CSST-MCI超深场还可以帮助科学家们预测未来的天文现象，从而为人类提供更多的科学知识。,0.4,"模拟CSST-MCI超深场的原因有以下几点：

1. **验证技术可行性**：通过模拟可以评估CSST-MCI超深场的技术性能，包括空间分辨率、探测能力等，确保实际观测时能达到预期效果。

2. **预测科学成果**：模拟可以帮助科学家预测超深场观测可能带来的科学发现，例如对弱引力透镜宇宙学的理解、星系演化特征的揭示等。

3. **校正潜在误差**：模拟可以识别并量化观测过程中可能出现的各种误差来源，如望远镜稳定度、图像对齐、仪器响应等，进而提出相应的校正方案。

4. **优化观测策略**：基于模拟结果，可以调整观测计划，优化观测条件，提高数据质量和科学产出效率。

5. **测试理论模型**：模拟提供的数据可用于测试和验证现有的物理模型和理论框架，特别是关于星系结构、暗物质分布等方面的知识。

6. **准备数据分析流程**：提前熟悉和测试数据分析方法和技术，确保在实际数据处理阶段能够高效准确地提取科学信息。

综上所述，模拟CSST-MCI超深场是实现这一大型天文项目科学目标的关键步骤，它不仅有助于技术上的准备，也是推动科学研究进展的重要手段。"
121,什么是光度为29等的暗弱星系？,光度为29等的暗弱星系是指那些在光度或星等上相对较暗弱的星系，需要在深度观测中才能探测到。,光度为29等的暗弱星系是指**在绝对星等尺度上，星等的数值为29的暗弱星系**。在绝对星等尺度上，星等的数值越小，表示星系的亮度越高。因此，光度为29等的暗弱星系可以看作是亮度较低的星系^[1]^。,"暗弱星系是指亮度较低的星系，其光度通常低于29等。这类星系在宇宙中的比例相对较小，但它们在宇宙学研究中具有重要的作用。暗弱星系的研究有助于科学家们更好地理解宇宙的结构和演化过程。

暗弱星系的测量可以通过多种方式实现，包括使用强引力透镜效应来测量星系的形状，或者通过弱引力透镜效应来测量星系的红移。然而，在实际操作中，由于暗弱星系的光度较低，这可能会导致测量结果存在较大的不确定性。为了克服这个问题，研究人员正在开发新的技术，例如使用多通道成像仪来提高暗弱星系的测量精度。

总的来说，暗弱星系的研究对于了解宇宙的结构和演化至关重要，而解决暗弱星系的测量问题则是当前科学研究的重要挑战之一。",0.6,光度为29等的暗弱星系指的是在特定波长下，其发出的光强度达到一种极为微弱的程度，具体来说是在光学范围内（例如i-band滤波器）其星等值达到了29等。星等是一种衡量天体亮度的单位，在这个上下文中，数值越大表示天体的亮度越低，因此“光度为29等”的星系是非常暗淡的。这类星系对于科学研究非常重要，因为它们可能包含有关宇宙早期条件、星系形成与演化、暗物质分布以及其他宇宙物理学问题的信息。在进行诸如弱引力透镜测量、探索星系样本分布、验证巡天系统的准确性等工作时，考虑到此类暗弱星系的存在及其特性至关重要。
122,如何通过模拟光度为29等的暗弱星系来避免引力透镜信号测量偏差？,需要在模拟中加入光度至少为28等的暗弱星系才能避免将近10-3量级的引力透镜信号测量偏差，这是因为在观测中，光度更暗弱的星系对可观测星系形状测量会产生影响。,"通过模拟光度为29等的暗弱星系来避免引力透镜信号测量偏差的方法如下：

* **利用哈勃极深场测量到的光度为29等的暗弱星系模拟Euclid卫星探测极限外星系** 。生成模拟星系图像，并利用三种弱引力透镜测量方法测量星系形状，同时考虑星系成团性和放大对结果的影响^[1]^。
* **在模拟中加入光度至少为28等的暗弱星系** 。这样才能避免将近10^-3量级的引力透镜信号测量偏差，对于主巡天的弱引力透镜测量动力学暗能量的科学目标，此误差不可忽略^[1]^。","为了避免引力透镜信号测量中的偏差，可以通过以下几种方法：

1. 使用高分辨率望远镜：使用高分辨率的望远镜可以提高观测精度，从而减少由于大气折射和成像质量不佳导致的误差。

2. 增加观测时间：增加观测时间可以减少由于大气扰动引起的误差。在观测过程中，尽量保持恒定的观测条件，如温度、湿度等。

3. 使用更精确的仪器：使用更精密的仪器可以提高观测精度，从而减少由于仪器故障或操作不当导致的误差。

4. 对数据进行校正：对收集到的数据进行校正，以消除由于大气折射、成像质量不佳等因素造成的误差。

5. 进行多次观测：进行多次观测可以减少由于偶然因素（如天气变化）导致的误差。

6. 使用先进的数据分析技术：使用先进的数据分析技术，如机器学习算法，可以帮助识别并纠正观测过程中的错误。",0.0,为了避免引力透镜信号测量偏差，可以通过模拟光度至少为28等的暗弱星系来调整模拟数据。这种方法是在Martinet et al. (2019)的研究基础上进行的改进，他们通过利用哈勃极深场测量到的光度为29等的暗弱星系来模拟Euclid卫星探测极限外星系，并生成相应的模拟星系图像。然后，他们采用三种不同的弱引力透镜测量方法来测量这些模拟星系的形状，同时考虑到星系成团性和放大的影响。研究结果显示，只有当模拟中包含光度至少为28等的暗弱星系时，才能避免近10^3量级的引力透镜信号测量偏差。这种做法对于主巡天的弱引力透镜测量动力学暗能量的科学目标来说至关重要。因此，CSST MCI超深场提供的精确暗弱星系模型将有助于消除此类误差的影响。
123,超深场如何探索主巡天极限以下的星系样本分布？,超深场能够探索主巡天极限以下的星系样本分布，这些主巡天探测极限下更暗弱的星系样本可以帮助确定主巡天曝光深度下星系的选择函数，从而有助于提升主巡天的科学产出精度。,"超深场可以通过多通道成像仪的观测结果，建立暗弱星系形态仿真模拟，从而探索主巡天极限以下的星系样本分布。此外，超深场还可以利用多通道成像仪的观测结果，研究星系选择函数对暗弱星系测光红移的影响，以及主巡天弱引力透镜宇宙学的定标和校准等问题^[1]^。

超深场观测对于理解早期宇宙、暗物质暗能量性质和星系及黑洞的形成演化等方面也非常重要。按照巡天目标，超深场分为普通超深场和星系团超深场两种。超深场目标的选择对于科学目标的实现至关重要^[2]^。","超深场（Deep Field）是NASA和ESA共同进行的一项天文观测计划，旨在寻找宇宙早期的星系。超深场通过使用高分辨率望远镜来捕捉更小、更清晰的图像，以探测到更遥远的星系。

在探索主巡天极限以下的星系样本分布方面，超深场的主要贡献在于它能够提供比传统巡天更为精细的观测数据。这些数据可以帮助科学家们更好地理解宇宙早期的星系形成过程以及它们之间的相互作用。

此外，超深场还利用了先进的计算机视觉技术，如深度学习算法，来自动识别并分类星系。这使得科学家们可以更快地发现和分析星系，并且可以更容易地将不同类型的星系区分开来。

总的来说，超深场为探索主巡天极限以下的星系样本分布提供了重要的工具和技术支持。",0.6,超深场能够探索主巡天极限以下的星系样本分布，因为它提供了极大的视场和广泛的光度范围。相较于其他观测项目，超深场能够在相同深度下拥有显著更大的视场面积，并覆盖了从较亮到较暗的广泛光度区间。这意味着它能够发现那些位于主巡天探测极限下的更暗弱的星系样本。这些星系样本的发现对于理解星系的选择函数至关重要，包括星系样本的完备性、典型性和准静态性。通过分析这些星系的数据，研究人员可以更精确地评估主巡天的科学产出，检验并减少巡天主任务的系统误差，进而帮助校准在重子声学震荡和弱引力透镜方面的科学方案，最终提高对宇宙暗物质和暗能量参数限制的准确性。
124,主巡天探测极限下更暗弱的星系样本对星系选择函数有何帮助？,主巡天探测极限下更暗弱的星系样本可以帮助确定主巡天曝光深度下星系的选择函数，如确定星系样本的完备性、典型性和准静态性，从而提升主巡天的科学产出精度。,主巡天探测极限下更暗弱的星系样本可以帮助确定主巡天曝光深度下星系的选择函数，如确定星系样本的完备性、典型性和准静态性，将非常有助于提升主巡天的科学产出精度^[1]^。,主巡天探测极限下的更暗弱的星系样本有助于提高星系选择函数的准确性。这是因为这些样本通常具有较低的光度和更大的尺度，因此更容易被观测到，并且可以提供更多的信息来确定星系的性质。此外，这些样本也可以用于测试星系选择函数的有效性，以确保它们能够准确地识别出所有可能的星系类型。,0.6,主巡天探测极限下更暗弱的星系样本能帮助确定星系样本的完备性、典型性和准静态性，这对于提升主巡天的科学产出精度至关重要。通过对这些暗弱星系的研究，科学家们可以更好地了解星系的总体分布情况，包括星系的大小、形状、组成成分等属性。这种详细的数据收集不仅有助于提高对星系样本的代表性评估，还能帮助识别可能存在的系统误差或遗漏，从而改进后续数据分析的方法和准确性。因此，这些暗弱星系样本对于确保主巡天计划的科学成果更加全面、准确和可靠具有重要意义。
125,多通道成像仪的多波段超深场数据如何帮助检验空间望远镜数据的准静态性偏差？,多通道成像仪获得的多波段超深场数据将帮助检验空间望远镜所获取数据的准静态性偏差，这是由于天体光变对颜色测量的影响在之前的地基望远镜和空间望远镜中尚未被充分研究的问题。,多通道成像仪的多波段超深场数据可以帮助检验空间望远镜数据的准静态性偏差，因为这类数据能够提供精确的暗弱星系模型，有助于消除误差的影响。同时，多波段超深场数据可以帮助我们首次检验空间望远镜所获取数据的准静态性偏差，从而系统提升对宇宙学参数的限制^[1]^。,"多通道成像仪的多波段超深场数据可以帮助检验空间望远镜数据的准静态性偏差。这是因为多波段成像仪可以提供更全面的空间观测数据，包括不同波长和角度的信息，这有助于我们更好地理解空间望远镜的数据，并发现可能存在的准静态性偏差。

例如，在进行空间望远镜数据分析时，我们可以使用多波段成像仪的数据来检查空间望远镜在特定波段或角度下是否存在偏移、模糊或其他不一致性问题。通过比较多波段成像仪的数据与空间望远镜的数据，我们可以确定这些偏差是否是由于准静态性引起的，从而为后续的数据处理和分析提供依据。

此外，多波段成像仪还可以用于验证空间望远镜数据的质量控制过程的有效性，以及对数据质量的评估。通过对比多波段成像仪的数据与空间望远镜的数据，我们可以判断空间望远镜的数据处理流程是否正确，以及是否有遗漏或错误的数据。

总之，多通道成像仪的多波段超深场数据对于检验空间望远镜数据的准静态性偏差具有重要意义，它可以帮助我们提高空间望远镜数据的质量控制水平，确保数据的准确性和可靠性。",0.8,多通道成像仪的多波段超深场数据能帮助检验空间望远镜数据的准静态性偏差，因为这种数据提供了同时在多个波段捕获的图像，这使得科学家能够在不同时期观察同一对象，从而检测到可能由星系核心区域光变引起的系统性偏差。地面望远镜受限于空间分辨率不足，而以往的空间望远镜由于不能同时进行多色测光，因此未能考虑到这一潜在的问题。通过对比不同波段下的变化，多通道成像仪的数据集可以揭示星系内部动态过程，特别是那些可能影响整体测光和颜色测量的局部变化。这有助于识别并量化任何准静态性的偏差，从而系统地提升对宇宙学参数限制的准确性。
126,重子声波振荡和红移空间畸变分别用于测量什么？,重子声波振荡（BAO）用于测量宇宙背景膨胀，而红移空间畸变（RSD）则用于量化由星系本动引起的三维成团的各向异性，两者都是宇宙学研究中的重要观测工具。,"重子声波振荡和红移空间畸变分别用于测量**宇宙背景膨胀以及结构增长历史**^[1]^。

重子声波振荡的产生是由于在宇宙早期，重子和光子紧密耦合在一起，在引力和压强共同作用下形成的类似声波模式的振荡。这种振荡使得早期宇宙中形成的局部物质扰动像声波一样向外传播。随着宇宙温度降低，光子与重子退耦，这时压强消失，致使物质扰动无法再继续向外传播，并在引力作用下放大，形成更深的引力势井。由于声波只传播到了一定的距离，而在这些局部的引力势井内部会形成星系，这就导致了星系的分布在某个特定的尺度上达到局部的最大值。这个特定尺度被称作\""宇宙标尺\""，它大致是150Mpc，依赖于宇宙学参数，特别是暗能量状态方程^[1]^。

红移空间畸变是量化由星系本动引起的三维成团的各向异性。受局部引力势影响，星系具有本动速度，而这些信息则反映在星系的红移中。在红移巡天中，星系的红移被光谱仪精确测量。如果有足够大的样本，我们就可以利用统计方法获取产生星系本动速度的引力势的信息，进而获取fσ8在特定红移的值^[1]^。","重子声波振荡（P-wave)和红移空间畸变（spatial distortion）都是宇宙学中的概念。

重子声波振荡是指在宇宙早期，当物质密度增加时，产生的高能粒子与暗能量相互作用而产生的一种波动。这种波动可以用来研究宇宙大爆炸初期的物理过程，以及暗物质和暗能量的存在。

红移空间畸变则是指由于宇宙膨胀导致的空间扭曲现象。它可以通过观测星系的红移来间接测量宇宙的膨胀速度，从而推算出宇宙的年龄、温度等信息。

因此，重子声波振荡和红移空间畸变都可以用来测量宇宙学上的参数，但它们的工作原理不同，所使用的工具也有所不同。",0.3,重子声波振荡（BAO）和红移空间畸变（RSD）分别用于测量宇宙背景膨胀的历史以及结构增长的过程。这两种现象都是理解暗能量性质的重要工具。BAO提供了关于宇宙膨胀速率和尺度的一个关键指标，而RSD则帮助我们了解宇宙中结构是如何随时间演化的，这两者都为暗能量的研究提供了重要的观测证据。
127,空间站红移巡天计划在什么红移范围内测量BAO尺度？,空间站红移巡天计划在红移0.15到1.35范围内，以1%以上精度测量BAO尺度。,空间站红移巡天计划在**红移0.15到1.35**范围内测量BAO尺度^[1]^。,空间站红移巡天计划是在宇宙中寻找暗能量的手段之一，它利用了空间站上的望远镜对宇宙中的各种物质进行观测，并通过分析这些观测结果来研究暗能量的本质。该计划的目标是测量宇宙的膨胀速度，以确定暗能量的性质。此外，该计划还能够测量宇宙背景辐射的温度，从而帮助科学家们更好地理解宇宙的起源和发展。,0.25,根据已知信息，空间站红移巡天计划在红移范围0.15到1.35内以1%以上的精度测量BAO尺度。
128,如何从CSST无缝光谱原始数据中准确提取星系的红移？,从CSST无缝光谱原始数据中准确提取星系的红移是一个挑战，需要基于CSST仿真数据，利用正向建模和系统误差权重等成熟方法进行修正。,"从CSST无缝光谱原始数据中准确提取星系的红移，可以通过以下步骤实现：

1. **基于CSST仿真数据，利用正向建模和系统误差权重等成熟方法进行修正** 。正向建模可以帮助我们理解数据的物理过程，而系统误差权重则可以帮助我们修正由于观测条件、仪器误差等因素引起的红移测量误差^[1]^。
2. **开发新的方法从无缝光谱中直接搜寻Lyα发射线** 。这种方法可能涉及到对光谱数据的深入分析和处理，以提取出星系的红移信息^[2]^。
3. **结合CSST的成像数据和无缝光谱数据** 。通过对比两者的数据，我们可以更准确地确定星系的红移，因为成像数据可以提供星系的形态和位置信息，而光谱数据则可以提供星系的谱线信息^[2]^。

总的来说，从CSST无缝光谱原始数据中准确提取星系的红移需要我们对数据有深入的理解和分析，以及结合多种方法和技术来实现。","为了从CSST无缝光谱原始数据中准确提取星系的红移，可以采取以下步骤：

1. 使用CSST巡天的无缝光谱进行光谱分析，以获得低分辨率的光谱数据。
2. 对于星系密度较高的地方，可能会出现混淆效应，因此需要注意观察。
3. 可以通过空间站巡天与DESI等其他大型巡天的高度互补，结合CSST和DESI巡天，发现暗能量的时间演化证据。
4. 需要解决的问题包括光谱拥挤问题和红移测量的失败等观测系统误差，这些都会影响BAO和RSD的测量。
5. 可以利用星系际介质(IGM)的观测结果，了解星系中物质如何外流，并约束模型中的相关物理过程。
6. 可以与其他设备的协同工作，如射电望远镜的冷气体数据和温热气体数据，更好地与模型中恒星成分和气体成分进行比较，从而约束星系形成的过程。
7. 如果只依赖测光红移的观测，其红移的精度通常不够精确，特别是在寻找星系团并划分中心星系和卫星星系时，或者确定星系团的暗晕质量时。

总的来说，从CSST无缝光谱原始数据中准确提取星系的红移是一个复杂的过程，需要综合考虑多个因素，包括光谱分析、观测系统误差、星系间相互作用等。",0.4,"从CSST无缝光谱原始数据中准确提取星系的红移面临几个主要挑战：

1. **混淆效应**：在星系密度较高的区域，可能会出现混淆效应，导致难以分辨单个星系的光谱，进而影响红移的精确测量。

2. **观测系统误差**：CSST的观测方式可能导致光谱拥挤问题，增加红移测量的难度，并引入观测系统的不确定性。

3. **特定星系类型的测量难度**：对于暗星系和死亡星系，无缝光谱的有效测量可能较为困难，因为这些星系可能不那么明亮且在某些波长区间内缺乏显著特征。

为了克服这些挑战，研究人员将采取以下策略：

- **基于CSST仿真数据进行校正**：通过模拟数据测试和调整分析流程，以减少混淆效应的影响，提高红移测量的准确性。

- **利用先进的数据分析技术**：开发和应用高级算法，例如机器学习方法，来识别和分离重叠的光谱，提高红移估计的精度。

- **优化观测策略**：通过调整观测条件和策略，尽量避免或减轻光谱拥挤现象，确保能够获得高质量的光谱数据。

尽管存在上述挑战，CSST的独特优势在于能提供无缝光谱数据，这为后续的科学研究提供了宝贵资源。通过综合运用多种技术和策略，有望克服这些难题，实现星系红移的精确测量。"
129,基于CSST模拟样本的FoM提高了多少倍于现有观测样本？,基于CSST模拟样本的FoM比基于现有观测样本的要提高约8倍。,"**基于CSST模拟样本的FoM比现有观测样本提高了约8倍**^[1]^。

CSST模拟样本对物质密度参数Ωm的估算不确定度为～9%，比基于现有观测样本的估算精度提高了～85%；在动力学演化的暗能量状态方程CPL模型框架下，CSST模拟样本对Ωm，w0和wa的估算误差比基于现有观测样本的估算精度分别提高了约53%，71%和26%。这些更细节的问题在将来的模拟中会进一步考虑^[1]^。",由于没有提供具体的数值，所以无法计算基于CSST模拟样本的FoM相对于现有观测样本的提升比例。但是根据上述文献，基于CSST模拟样本的FoM比基于现有观测样本的要提高约8倍。,0.8,基于CSST模拟样本的FoM比基于现有观测样本的提高了约8倍。
130,在图5.1.9中，等高线代表的是什么？,在图5.1.9中，等高线代表了68%和95%的置信区间。,"**在图5.1.9中，等高线代表了68%和95%的置信区间**^[1]^。

图5.1.9是CSST星系尺度强透镜系统对宇宙物质密度参数和暗能量状态方程参数的限制预言图，展示了包含约5.5×104个强透镜系统的CSST模拟样本对宇宙学参数的限制情况。等高线代表了不同置信水平下的参数误差范围，其中68%的置信区间表示有68%的概率参数值落在该区间内，而95%的置信区间则表示有95%的概率参数值落在该区间内^[1]^。",图5.1.9中的等高线代表的是海拔高度。,0.0,在图5.1.9中，等高线代表了68%和95%的置信区间。
131,表5.1.1展示了哪些宇宙学参数的限制预言？,表5.1.1展示了包含约5.5×104个强透镜系统的CSST模拟样本对宇宙学参数的限制预言，包括物质密度参数Ωm和暗能量状态方程参数w0、wa，以及与现有观测样本的对比。,"表5.1.1展示了以下宇宙学参数的限制预言：

* **ΛCDM模型**：物质密度参数Ωm的估算不确定度为±0.027^[1]^。
* **CPL模型**：物质密度参数Ωm、暗能量状态方程参数w0和wa的估算误差分别为±0.101、±0.154和±1.245^[1]^。

此外，表5.1.1还展示了现有观测样本对宇宙学参数的限制情况，包括物质密度参数和暗能量状态方程参数的估算误差。具体数值可以参考表5.1.1^[1]^。",表5.1.1展示了宇宙学参数的限制预言。这些参数包括宇宙的年龄、膨胀率、暗能量的比例以及宇宙的初始条件等。,0.4,"表5.1.1展示了以下宇宙学参数的限制预言：

1. 物质密度参数 $\Omega_m$
2. 动力学暗能量状态方程参数 $w_0$ 
3. 动力学暗能量状态方程参数 $w_a$

这表明表5.1.1主要关注了ΛCDM模型和CPL模型框架下的宇宙学参数估计及其不确定性。"
132,CSST模拟样本对物质密度参数Ωm的估算不确定度是多少？,CSST模拟样本对物质密度参数Ωm的估算不确定度为～2%，超过了基于Planck卫星对CMB现有观测给出的精度(～4%)。,CSST模拟样本对物质密度参数Ωm的估算不确定度为**～2%**^[1]^。,CSST模拟样本对物质密度参数Ωm的估算不确定度为～2%，已经超过了基于Planck卫星对CMB现有观测给出的精度(～4%)。这个不确定度已经超过了基于现有观测样本的估算精度，但仍然高于基于ΛCDM模型框架下的估算。因此，对于物质密度参数Ωm的估算，CSST模拟样本提供了更高的精度。,0.8,根据已知信息，CSST模拟样本对物质密度参数Ωm的估算不确定度为大约2%。
133,CSST模拟样本对星系速度弥散归一化因子的估算精度是多少？,CSST模拟样本对星系速度弥散归一化因子(𝜎*lens/𝜎*stellar)的估算精度为～3‰，比基于现有观测样本的估算精度(3%)提高了一个数量级。,CSST模拟样本对星系速度弥散归一化因子的估算精度为**～3‰**^[1]^。,CSST模拟样本对星系速度弥散归一化因子的估算精度约为3‰，比基于现有观测样本的估算精度（3%）提高了一个数量级。,1.0,"根据已知信息，CSST模拟样本对星系速度弥散归一化因子（\(\sigma_{lens}/\sigma_{stellar}\)）的估算精度为～3‰，这比基于现有观测样本（Ma, et al. 2019）的估算精度（3%）提高了大约一个数量级。"
134,为了能够分辨透镜星系与透镜化的像，对测光数据有什么要求？,为了能够分辨透镜星系与透镜化的像，对测光数据的要求是至少有三个波段的信噪比不低于20。,为了能够将透镜星系与透镜化的像分辨开，对测光数据的要求是**至少有三个波段的信噪比不低于20**^[1]^。,"对于透镜星系和透镜化图像的区分，需要考虑以下因素：

1. 测量距离：透镜星系通常位于较远的距离，而透镜化图像则可能在更近的距离。因此，测量距离是区分两者的关键。

2. 光谱特性：透镜星系通常具有特定的光谱特征，如红移或蓝移。透镜化图像可能会有类似的特征，但不一定是相同的。

3. 像差：透镜星系中的像可能会产生明显的像差，这可以通过使用高精度的成像设备来检测到。透镜化图像中也可能存在像差，但这通常是轻微的，并且难以察觉。

4. 谱线强度：透镜星系中的谱线强度可能会有所不同，因为它们受到透镜效应的影响。透镜化图像中的谱线强度可能是均匀分布的，没有明显的差异。

5. 成像质量：透镜星系的成像质量可能不如透镜化图像好，因为透镜效应会影响成像的质量。透镜化图像的成像质量通常更好。

6. 空间分辨率：透镜星系的成像空间分辨率可能较低，因为透镜效应会影响成像的空间分辨率。透镜化图像的成像空间分辨率通常较高。

7. 暗背景：透镜星系的暗背景可能比透镜化图像的暗背景更亮，因为透镜效应会影响暗背景的亮度。透镜化图像的暗背景可能更暗淡。

8. 其他因素：除了上述因素外，还有其他一些因素也会影响透镜星系和透镜化图像的区分，例如波长、温度等。",0.0,为了能够分辨透镜星系与透镜化的像，对测光数据的要求是至少有三个波段的信噪比不低于20。
135,对光谱数据有什么要求以测量透镜星系的恒星速度弥散？,为了测量透镜星系的恒星速度弥散，对光谱数据的要求是光谱分辨率最好高于1000。,对光谱数据的要求是光谱分辨率最好高于1000，而CSST主巡天的无缝光谱精度达不到这个要求，因此这部分需要借助于CSST巡天之前或同时期的光谱巡天数据^[1]^。,"为了测量透镜星系的恒星速度弥散，对光谱数据有以下要求：

1. 光谱数据应该包含透镜星系的恒星光谱。这些光谱应该是高质量和准确的，以便进行精确的分析。

2. 光谱数据应该包括恒星的速度弥散信息。这可以通过计算恒星光谱中的特征线强度变化来实现，从而确定恒星的速度弥散。

3. 光谱数据应该具有足够的分辨率，以便能够区分不同类型的恒星光谱。这将有助于减少干扰和其他噪声的影响，并提高分析结果的准确性。

4. 光谱数据应该有足够的样本量，以便进行统计分析和建模。这将有助于评估恒星速度弥散的分布和模式。

5. 光谱数据应该在适当的波长范围内收集，以便获得最佳的观测效果。这将有助于减少光谱噪音和其他干扰因素的影响。

6. 光谱数据应该被正确地校准和处理，以便消除任何可能影响分析结果的因素。这将有助于确保分析结果的准确性。",0.6,为了测量透镜星系的恒星速度弥散，对光谱数据的要求是光谱分辨率最好高于1000。具体而言，IFS（Integral Field Spectroscopy）的光谱分辨率在1000至2800之间，对应的平均速度分辨率约为300至107公里/秒，速度弥散分辨能力约为127至45公里/秒。这一分辨率使得IFS可以准确测量这些星系的平均速度和速度弥散。然而，CSST主巡天的无缝光谱精度达不到这个要求，因此这部分需要借助于CSST巡天之前或同时期的光谱巡天数据。
136,快速射电暴是什么，其有哪些特性？,快速射电暴是突然出现的短暂而猛烈的无线电波爆发，持续时间极短，通常只有几毫秒，但能量巨大，其物理起源尚不清楚，具有高事件率。,"快速射电暴（FRB）是于2007年发现的来自遥远宇宙中突然出现的短暂而猛烈的无线电波爆发^[2]^。

其特性包括：

1. 持续时间极短，通常只有几毫秒。
2. 释放的能量巨大，能够释放出相当于太阳在一整天内释放的能量。
3. 观测到的快速射电暴事件数量较多，已成功观测到近百例快速射电暴事件^[2]^。","快速射电暴（Fermi Gamma-ray Burst，简称FGRB）是一种非常强烈的电磁辐射现象。它是由恒星爆炸产生的高能粒子流所引起的，这种粒子流可以达到光速以上，并且具有极高的能量密度和速度。

快速射电暴的特点包括：

1. 高能：快速射电暴的能量非常高，能够产生比太阳系内所有已知天体更强大的辐射。

2. 短暂：快速射电暴通常持续时间很短，只有几秒到几十秒不等。

3. 强烈：快速射电暴释放出的辐射强度极高，足以使地球上的观测设备无法直接探测到它们的存在。

4. 多样性：快速射电暴的种类繁多，包括伽马射线爆发、X射线爆发、中子爆发等多种类型。

5. 与宇宙背景辐射的对比：快速射电暴在宇宙背景辐射中的位置异常突出，这表明它们可能对宇宙结构形成有重要作用。

6. 超级快闪：快速射电暴的出现频率很高，每秒钟就有数百个快速射电暴发生，这使得它们成为研究宇宙起源和演化的重要工具之一。",0.3,"快速射电暴（Fast Radio Burst，简称FRB）是一种源自遥远宇宙中的突发无线电波爆发，首次发现于2007年。其特征包括：

1. **爆发时间极短**：持续时间通常只有几毫秒，但释放的能量相当于太阳一天内释放的总能量。
2. **爆发频率极高**：FRB事件涉及的无线电波频谱范围较广，从低频到高频都有可能包含。
3. **爆发强度巨大**：尽管每次爆发持续时间很短，但释放的能量极其庞大。
4. **来源未知**：至今为止，科学家尚未确定FRB的确切物理起源，它们可能是由中子星、黑洞或其他极端天体物理过程产生的。
5. **事件率高**：据观测，全天每天可能有约1000至10000个FRB事件发生。

FRBs的研究对于理解宇宙中的极端物理条件和天体物理学有着重要意义，因为它们提供了探索宇宙早期状态、黑洞、中子星以及其他极端环境的机会。"
137,强引力透镜化的快速射电暴系统可以用来精确测量什么？,强引力透镜化的快速射电暴系统可以用来精确测量宇宙膨胀率和空间曲率。,强引力透镜化的快速射电暴系统可以用来精确测量**宇宙膨胀率和空间曲率**^[1]^。,"强引力透镜化快速射电暴（GRB）系统是一种特殊的天体物理学现象，它利用强引力透镜效应来观测遥远星系中的快速射电暴。这种现象允许我们通过观察快速射电暴在空间中移动时所形成的影子来测量它们的距离和速度。

因此，我们可以使用GRB系统来精确测量快速射电暴的速度、距离以及它们与地球之间的相对位置。这有助于科学家们更好地理解宇宙的结构和演化过程。",0.5,强引力透镜化的快速射电暴系统可以用来精确测量宇宙膨胀率和空间曲率。
138,CSST的高质量成像是否满足搜寻和认证快速射电暴宿主星系的光学复像的要求？,CSST的高质量成像（角分辨率为0.15角秒）完全满足搜寻和认证快速射电暴宿主星系的光学复像的要求。,CSST的高质量成像满足搜寻和认证快速射电暴宿主星系的光学复像的要求。CSST的多波段高精度测光以及无缝光谱能够迅速给出暂现源的颜色或能谱信息，有效的初步判断类别，锁定目标之后，CSST上的IFS定点观测还能为我们提供中等分辨率的光谱，而且其IFU模式能准确的扣除星族成分，从而得到与吸积事件相关的光谱特征。这些特性使得CSST在暂现源分类和认证上有其优势，因此可以满足搜寻和认证快速射电暴宿主星系的光学复像的要求^[1]^。,是的，CSST（中国射电望远镜）的高质量成像技术可以满足搜寻和认证快速射电暴宿主星系的光学复像要求。,0.9,根据已知信息，CSST的高质量成像（角分辨率为0.15角秒）完全满足搜寻和认证快速射电暴宿主星系的光学复像的要求。
139,强透镜化超新星/千新星时间延迟对宇宙学参数的估计有何帮助？,强透镜化超新星/千新星时间延迟可以为宇宙学参数的估计提供重要信息，特别是有助于独立地测量哈勃常数。,强透镜化超新星/千新星时间延迟对宇宙学参数的估计有很大的帮助。通过测量活动星系核AGN的光变曲线，可以测量不同像之间到达地球的时间延迟。同时，通过高分辨率的寄主星系光弧成像可以对透镜体的引力势进行测量。在有了时间延迟和引力势的信息后，可以得到一个所谓的“时间延迟距离”的测量，这个量是有三个角直径距离组合而成的，反映了时空几何信息。时间延迟距离对哈勃常数高度依赖，同时也较弱地依赖其他宇宙学参数例如暗能量状态方程参数。因此，强透镜化超新星/千新星时间延迟可以为宇宙学参数的估计提供重要的信息^[1]^。,"强透镜化超新星（SNeIa）和千新星（SN1987A）是研究宇宙学的重要工具。它们可以提供关于恒星演化、重元素合成以及宇宙膨胀的信息。

强透镜化超新星（SNeIa）通过测量其光谱线红移来确定其年龄，并利用其亮度的变化来估算出其距离。这些数据可以帮助我们了解恒星的形成过程，包括恒星的质量、温度和年龄等信息。此外，由于SNeIa在宇宙中广泛存在，因此它们也可以用来推断宇宙的年龄和膨胀速率。

千新星（SN1987A）则提供了更精确的距离测量，因为它是在一个特定位置观测到的。它的光谱线红移也比SNeIa更高，这有助于我们更好地理解恒星的化学成分和演化历史。此外，SN1987A还揭示了宇宙中的暗物质和暗能量的存在，因为它们可能影响了该星系的运动状态。

总的来说，强透镜化超新星和千新星的时间延迟对宇宙学参数的估计是非常有用的，它们为我们提供了有关恒星演化、重元素合成和宇宙膨胀的新见解。",0.5,"强透镜化超新星/千新星时间延迟对宇宙学参数的估计提供了重要的帮助，主要体现在以下几个方面：

1. **测量哈勃常数**：通过测量不同像之间到达地球的时间延迟，结合对透镜体引力势的测量，可以获得所谓的“时间延迟距离”。这种方法有助于精确地测量宇宙膨胀速率，即哈勃常数。由于时间延迟测量的精度较高，这种测量方式有望给出哈勃常数的相对较小误差，这对于理解宇宙的年龄、大小和结构至关重要。

2. **空间曲率的测量**：强透镜化超新星/千新星时间延迟测量还能帮助科学家们评估宇宙的空间曲率。通过比较这些测量结果与由Planck卫星对宇宙微波背景辐射测量所得的结果，可以验证宇宙是否平坦（即空间曲率为零），或者存在正负曲率的情况。这有助于深化我们对宇宙总体几何特性的认识。

3. **宇宙学参数的独立验证**：时间延迟法是一种独立于其他传统宇宙学测量手段的方法，如基于微波背景辐射或大尺度结构的测量。这意味着它可以提供额外的证据支持或挑战当前的宇宙学模型，特别是关于暗能量和暗物质性质的理解。

4. **提高宇宙学参数估计的准确性**：通过结合多种类型的天文观测数据（如超新星、星系团、并合星系团等），强透镜化超新星/千新星时间延迟法可以帮助科学家们更全面地校准宇宙学参数，减少不确定性，提高宇宙学模型预测的可靠性。

综上所述，强透镜化超新星/千新星时间延迟法不仅能够提供哈勃常数的精确测量，还能够辅助空间曲率和其他宇宙学参数的测量，从而增强我们对宇宙整体结构和演化历史的理解。"
140,透镜超新星系统有哪些优势？,透镜超新星系统有几个优势，包括光变曲线的统一性和短观测时间，易于重构寄主星系光弧，不受多像限制，本身是标准烛光，且能修正像传播路径上的消光。,"透镜超新星系统有几个优势^[1]^：

1. **超新星的光变曲线非常统一，有利于模型化**。例如，都会出现一个极大值。
2. **超新星的光变曲线仅仅演化几周，而不是数年**，较短的观测时间也能够提供高质量的光变曲线来测量时间延迟。
3. **超新星最终会变暗**，使得我们可以在它爆发之前或之后测量到完整的寄主星系光弧，有利于推测透镜星系的引力场。
4. **透镜超新星不用测到多像也可以探测**，简化了选择效应。
5. **超新星本身是标准烛光**，因此它们可以提供像的放大率信息，这将有利于打破透镜势和哈勃常数之间的简并。
6. **已知超新星的能谱分布可以让我们修正每个像传播路径上的消光**。","透镜超新星系统（MCG-637-79）是一个非常特殊的天体系统。它由两个黑洞和一个中等质量恒星组成，其中两个黑洞围绕着一颗中等质量恒星旋转。这个系统的独特之处在于它的结构和运动模式。

首先，透镜超新星系统中的黑洞是相互作用的，这使得它们之间的引力相互作用更加复杂。这种复杂的引力相互作用可以导致黑洞之间产生强烈的相互作用，从而影响它们的轨道和运动。

其次，透镜超新星系统中的恒星也具有独特的性质。由于黑洞的存在，恒星的轨道会发生变化，这可能会对恒星的物理特性产生影响。此外，由于黑洞的存在，恒星的辐射也会受到影响，这可能会影响恒星的化学成分和演化过程。

最后，透镜超新星系统中的黑洞和恒星之间的相互作用也可能导致新的物质被释放出来。这些物质可能会形成新的行星、卫星或其他天体，从而丰富了宇宙的多样性。

总的来说，透镜超新星系统是一种非常特殊且有趣的天体系统，它为我们提供了研究黑洞、恒星以及宇宙其他方面的重要机会。",0.0,"透镜超新星系统的几个关键优势包括：

1. **统一的光变曲线**：超新星的光变曲线表现出高度一致性，便于建模预测，特别是普遍会出现一个明显的峰值。

2. **较短的观测周期**：相较于其他类型的超新星，超新星的光变周期通常只有几周，这意味着可以在相对较短的时间内收集到高质量的光变数据，用于精确测量时间延迟。

3. **完整寄主星系光弧的可获取性**：在透镜事件中，超新星爆发前后的完整寄主星系光弧有助于科学家推断透镜星系的引力场特性。

4. **无需多像也能探测**：与需要多个图像才能检测到透镜效应的系统相比，透镜超新星事件可以通过单个图像进行探测，简化了选择效应的问题。

5. **标准烛光性质**：超新星作为标准烛光，提供了测量像的放大率的能力，这对于打破透镜势和哈勃常数之间的简并非常重要。

6. **较低的微引力放大影响**：大约有22%的系统不受透镜星系恒星产生的微引力放大影响，这减少了测量中的不确定性。

7. **能谱分布可用于修正消光**：已知的超新星能谱分布允许研究人员校正每个像传播路径上的消光情况，提高了测量的准确性。

通过这些优势，透镜超新星成为研究宇宙学的重要工具，特别是在测量哈勃常数、验证宇宙学理论等方面发挥着重要作用。"
141,如何通过探测透镜千新星来触发透镜引力波的探测？,通过观测透镜千新星可以触发透镜引力波的探测，因为千新星是引力波的电磁对映体之一，通过探测千新星的光变和引力波信号，可以联合分析并测量时间延迟等参数。,"通过探测透镜千新星来触发透镜引力波的探测的方法如下：

* 观测透镜千新星。千新星可以来自双中子星并合或中子星-黑洞并合，是引力波的电磁对映体之一^[1]^。
* 观测透镜千新星产生的引力波。引力波是时空弯曲中的涟漪，通过观测千新星产生的引力波，可以触发透镜引力波的探测^[1]^。

如果能通过观测透镜千新星来触发透镜引力波的探测，将会有利于哈勃常数的测量。对于地面探测器响应频率范围而言，双星并合的引力波辐射持续时间仅仅0.1秒量级，相对于多像之间的时间延迟而言是非常短的，因此可以提供超高精度的时间延迟测量（误差为0）^[1]^。","通过探测透镜千新星来触发透镜引力波的探测需要以下步骤：

1. 发现并确认透镜千新星的存在：首先需要发现和确认透镜千新星的存在。这可以通过天文观测、天文学家的研究以及使用先进的望远镜设备进行。

2. 确定透镜千新星的位置：一旦发现了透镜千新星，就需要确定它的位置。这可以通过测量其亮度变化或使用其他方法来实现。

3. 使用引力波探测器：然后，需要使用一种能够探测到引力波的设备（如激光干涉仪）来捕捉这些信号。这种设备通常由一个巨大的反射镜组成，当引力波穿过时，它会产生微小的位移，从而可以被探测器检测到。

4. 分析数据：最后，需要对收集的数据进行分析，以确定是否真的存在引力波。这可能包括使用数学模型来模拟引力波的行为，并与实际观测结果进行比较。

5. 提交报告：如果确实存在引力波，则需要提交一份详细的报告，详细描述了如何发现和确认透镜千新星，以及如何使用引力波探测器来捕捉这些信号的过程。

请注意，这是一个非常复杂的任务，涉及到许多不同的技术和知识领域。因此，在尝试完成这个任务之前，建议寻求专业的天文学家的帮助。",0.6,"通过探测透镜千新星来触发透镜引力波的探测，主要依赖于以下几个关键步骤：

1. **识别潜在的透镜事件**：首先，利用大型巡天望远镜如LSST（Large Synoptic Survey Telescope）来监测天空中的恒星和星系活动。当检测到一个突然增亮的现象，尤其是伴随着后续的快速衰减，这可能是由透镜千新星引起的。透镜千新星是由双中子星或中子星-黑洞合并形成的，这类事件会产生引力波。

2. **验证为透镜事件**：一旦检测到疑似事件，需要进一步确认是否确实是一个透镜事件。这包括观察到多个图像的变形和移动，以及对事件的光谱分析，以确定其来源和性质。多波段的观测尤其有用，因为不同的波段受到透镜效应的影响程度不同，可以帮助排除非透镜事件的可能性。

3. **时间延迟测量**：通过比较不同图像的变化速度，可以测量出时间延迟。这是关键的一环，因为它提供了关于透镜质量和距离的重要信息。对于透镜千新星事件，由于其时间延迟测量的准确性非常高（误差仅为百分几），这使得它们成为测量哈勃常数的有效工具。

4. **关联引力波信号**：一旦确认了时间延迟测量，就可以将其与引力波探测器（如LIGO）提供的信息相匹配。如果引力波探测器也记录到了与该事件相关的引力波信号，那么就可以通过时间和位置信息的交叉验证，更精确地定位事件的位置和特性。

5. **综合分析**：最后，通过对透镜千新星的光学观测和引力波信号的分析，科学家们可以获得关于宇宙膨胀速率（通过哈勃常数测量）、重力理论验证、以及黑洞和中子星合并过程的详细信息。

通过这种方式，透镜千新星不仅帮助我们理解宇宙的结构和演化，还为我们提供了探索引力波物理学的新窗口。"
142,CSST的特点中哪些有利于探测透镜超新星事件？,CSST具有高空间分辨率和大视场的特点，有利于在大范围内搜寻透镜超新星事件，同时高分辨率有利于直接看到寄主星系光弧以进行认证，多波段的观测也有利于准确测量时间延迟。,"CSST的特点中有利于探测透镜超新星事件的有：

* **高空间分辨率** 。CSST的分辨率达到0.15角秒，能够在大范围内搜寻，同时也有利于直接看到寄主星系光弧，从而能够对透镜超新星事件进行认证^[1]^。
* **大视场** 。CSST的大视场特点使得它能够观测到更多的透镜超新星事件，因为透镜事件发生概率很小，需要大范围的数据^[1]^。
* **多波段观测** 。CSST的多波段观测功能有利于进行时间延迟的测量，因为恒星造成的微引力透镜效应对各个波段的影响是一样的，可以很好地利用这一点来排除这一效应，从而准确测量时间延迟^[1]^。","由于CSST（Cassini Space Telescope）是用于探测太阳系外行星和小天体的太空望远镜，因此它在探测透镜超新星事件方面没有直接的作用。然而，CSST可以提供有关太阳系内天体的信息，包括行星、卫星、小行星等，并且可以进行光谱分析以帮助科学家研究这些天体的化学成分。

如果您有其他问题，请随时告诉我！",0.0,"CSST（China Space Station Telescope）的优势在于：

1. **高空间分辨率**：这使CSST能够更精确地锁定暂现源的位置，有效排除误判为超新星的偏核事件，并通过PSF测光或图像相减技术检测更暗弱的变亮信号。

2. **近紫外波段的敏感性**：CSST的近紫外波段能更灵敏地探测与黑洞吸积相关的辐射，且受到星光污染的程度较小，这使其有能力探测到更加暗弱的事件，包括中等质量黑洞的TDE（暂时性吸积事件）和远处星系中的黑洞吸积事件。

3. **多波段高精度测光及无缝光谱**：这些特性有助于快速识别暂现源的颜色特征，进而用于时间延迟的测量，这对于验证透镜超新星事件至关重要。

4. **多通道成像仪（MCI）**：CSST的MCI设计旨在开展超深场观测，这将极大地推进Ia型超新星宇宙学的研究，尤其是在寻找更高红移的超新星方面，有望揭示更多关于暗能量状态方程的信息。

综上所述，CSST的高空间分辨率、对特定波段的敏感性和先进的观测技术，共同构成了其探测透镜超新星事件的强大能力。"
143,在测量时间延迟时，恒星造成的微引力透镜效应如何被排除？,在测量时间延迟时，恒星造成的微引力透镜效应可以通过分析多波段数据来排除，因为该效应对各个波段的影响是相同的。,"在测量时间延迟时，恒星造成的微引力透镜效应可以通过以下方式被排除：

* **多波段观测** 。恒星造成的微引力透镜效应对各个波段的影响是一样的，可以很好地利用这一点来排除这一效应，从而准确测量时间延迟^[1]^。
* **高分辨率观测** 。通过提高观测的分辨率，可以减小微引力透镜效应对观测结果的影响，从而提高时间延迟的测量精度^[1]^。
* **背景星系的认证** 。通过认证背景星系的光弧，可以排除微引力透镜效应对观测结果的影响，从而准确测量时间延迟^[1]^。","恒星造成的微引力透镜效应可以通过以下方法来排除：

1. 使用高精度的望远镜：使用高精度的望远镜可以减少由于大气折射和散射引起的误差。

2. 选择合适的观测窗口：在观测窗口中，恒星的位置相对稳定，因此不会对测量结果产生影响。

3. 减少观测距离：如果可能的话，尽量缩短观测距离，以减小因距离变化而产生的误差。",0.0,在测量时间延迟时，可以通过比较不同波段的观测数据来排除恒星造成的微引力透镜效应。因为恒星对各个波段的透镜效应是一致的，所以通过对同一事件在不同波段下的观察，可以验证是否存在由恒星引起的额外透镜效应。如果在所有波段下的观测结果一致，则可以合理假设不存在恒星造成的微引力透镜效应，从而更准确地测量时间延迟。
144,超新星在测定宇宙背景演化中扮演了什么角色？,超新星，特别是Ia型超新星，是测定宇宙背景演化的“标准烛光”，它们在不同红移处的观测数据为暗能量的存在提供了清晰的证据，有助于我们理解宇宙晚期的演化情况。,"超新星在测定宇宙背景演化中扮演了**标准烛光**的角色^[1]^。

超新星暗能量的行为在很大程度上决定了晚期宇宙的背景演化，而不同红移处的超新星正是测定宇宙背景演化的""标准烛光""。借助引力透镜观测，研究者可以观察到这些不发光的物质在宇宙中如何分布，并通过它们形成的结构来推测它们的本质^[1]^。",超新星是研究宇宙背景演化的重要工具。超新星爆炸时释放出大量的能量和物质，这些物质可以被用来测量宇宙的年龄、温度和密度等参数。此外，超新星还可以帮助科学家们了解恒星的生命周期以及它们如何影响周围的环境。因此，超新星在研究宇宙背景演化方面起着至关重要的作用。,0.7,超新星在测定宇宙背景演化中扮演着“标准烛光”的角色。它们的亮度变化规律一致，可以通过测量它们的亮度变化来推算宇宙的距离，进而研究宇宙的背景演化。特别是Ia型超新星，由于其特定的光度特性，成为了宇宙学中用于测量宇宙膨胀历史的关键工具。通过对不同红移处的Ia型超新星的研究，科学家们可以测定宇宙背景演化的细节，包括宇宙的加速膨胀和暗能量的作用。
145,Ia型超新星是什么，它为什么被称为“标准烛光”？,Ia型超新星是一类特殊类型的超新星，由于它们在爆发时的亮度、光变曲线和光谱特征等都具有高度的相似性，因此被称为“标准烛光”。这种特性使得Ia型超新星成为宇宙学中测定距离和测量宇宙尺度的重要工具。,"Ia型超新星是一种天体，它被称为“标准烛光”的原因如下：

* **Ia型超新星是宇宙中最明亮的天体之一** 。它的亮度非常高，可以照亮整个星系，甚至可以在没有外部光源的情况下被观测到^[1]^。
* **Ia型超新星的光变曲线非常统一** 。所有的Ia型超新星都会经历一个相似的光变过程，这使得它们成为了一个很好的标准参照物，可以用来测量宇宙中的距离和哈勃常数^[2]^。
* **Ia型超新星是宇宙中的标准烛光** 。通过观察它们的亮度，可以推断出宇宙中的其他天体与我们的距离，以及宇宙的整体结构。因此，它们成为了宇宙学中非常重要的工具之一^[1]^。",问题：Ia型超新星是什么，它为什么被称为“标准烛光”？,0.0,"Ia型超新星是一种特定类型的爆炸性恒星事件，当一颗白矮星吸收了足够多的物质，达到其质量上限时，会发生剧烈的爆炸。这类超新星的爆炸过程相对稳定，释放的能量和亮度都非常一致，这意味着它们的光度（即发出的总光能量）与距离的关系遵循着明确的比例关系。这种一致性使得Ia型超新星成为宇宙中重要的“标准烛光”。

之所以称其为“标准烛光”，是因为科学家可以通过测量Ia型超新星的亮度变化来推算其距离。由于它们的亮度变化模式和峰值亮度都是已知的，一旦知道了一个Ia型超新星的绝对亮度（即在理想条件下，远离地球无限远处的亮度），就可以通过比较其实际观测到的亮度和绝对亮度，反推出它的距离。这种方法在宇宙学中极为重要，因为它允许科学家们测量遥远星系的距离，进而了解宇宙的规模、膨胀速率以及暗能量的作用。"
146,简述HST在发现高红移Ia型超新星中的作用。,HST（哈勃空间望远镜）通过其强大的观测能力，在高红移区域发现了大量的Ia型超新星，为宇宙学的研究提供了重要的观测数据。这些高红移Ia型超新星的发现，为我们理解宇宙的演化和暗能量的性质提供了关键性的证据。,"**HST在发现高红移Ia型超新星中起到了重要作用**^[1]^。

目前，高红移Ia型超新星的搜寻工作主要在HST的一系列深场中开展，如Riess等人在2007年的研究。CSST多通道成像仪(MCI)计划开展的CSST超深场将在Ia型超新星宇宙学上获得显著的进展。从时变天文角度，CSST超深场数据将是人类首次对单一目标天区进行多波段同时覆盖的长时间深度监测，可捕获深度至少26(27)等天体的5分钟(1小时)以上时标的全波段光变事件，非常有助于捕获超深场天区的高红移超新星等突发事件^[1]^。","HST（哈勃太空望远镜）在发现高红移Ia型超新星中起着关键的作用。

1. 观察：HST通过其高分辨率和广角视野，可以观察到更遥远的天体，包括Ia型超新星。这些超新星通常出现在宇宙早期，因此它们的光谱线具有较高的红移。

2. 分析：HST还可以分析Ia型超新星的光谱，以确定其化学成分和质量。这有助于科学家们了解恒星形成的过程，并帮助他们推断出宇宙的年龄和膨胀速率。

3. 发现：HST还发现了许多以前未知的Ia型超新星，这些发现为研究宇宙学提供了宝贵的线索。

4. 重要性：HST对Ia型超新星的研究是现代宇宙学的重要组成部分，它为我们提供了关于宇宙起源、结构和演化的宝贵信息。",0.8,哈勃太空望远镜（HST）在发现高红移Ia型超新星中扮演了关键角色。HST因其独特的视角和先进的成像能力，能够深入探索宇宙深处，捕捉那些远离地球的遥远星系。在深场观测中，HST发现了大约20颗位于较高红移（～1.5）的Ia型超新星，这些发现为暗能量的存在提供了有力的证据。通过这些高红移的Ia型超新星，科学家得以研究宇宙背景演化的早期阶段，并对暗能量的状态方程有了更深刻的理解。HST的深场观测不仅揭示了宇宙结构的细节，还为后续项目如CSST超深场的研究奠定了基础，后者旨在通过更广泛的观测区域和更高的红移范围，进一步探索宇宙的奥秘。
147,CSST多通道成像仪(MCI)计划开展哪方面的超深场研究？,CSST多通道成像仪(MCI)计划开展的超深场研究主要集中在Ia型超新星宇宙学领域，以期在这一领域取得显著的进展，为人类对宇宙演化的理解提供新的观测数据。,CSST多通道成像仪(MCI)计划开展的超深场研究包括**光学超深场和主光学巡天发现的特殊天体的后随深度观测**。具体观测模式包括短时标曝光全段波观测/监测模式、固定目标深度曝光模式以及超深场观测模式。这些研究将利用CSST的高空间分辨率和大视场特点，以及多波段观测的优势，来探索宇宙学、天文学等领域的知识^[2]^。,CSST多通道成像仪（MCI）计划将进行宇宙学和天体物理学方面的超深场研究。这些研究旨在探索宇宙早期的物理过程、星系形成和演化以及暗物质等重要问题。通过收集大量的高分辨率图像数据，科学家们可以更深入地了解宇宙的结构和历史，并为未来的研究提供基础。,0.7,"CSST多通道成像仪(MCI)计划开展的超深场研究主要包括：

1. **紫外光学超深场**：MCI的核心科学任务之一是进行紫外可见光超深场观测，旨在达到约30星等的深度，超越哈勃极深场(XDF)的深度，总面积为其30倍。这一观测对于理解早期宇宙、暗物质和暗能量的性质以及星系和黑洞的形成演化具有重要意义。

2. **主巡天弱引力透镜宇宙学定标**：利用MCI的普通超深场观测结果，建立暗弱星系形态的仿真模拟，研究星系选择函数对暗弱星系测光红移的影响，以此对主巡天弱引力透镜宇宙学进行定标和校准。

3. **高红移超新星宇宙学**：通过MCI的超深场数据搜索高红移超新星，利用这些超新星进行精确的距离定标观测，进而获得哈勃常数的精确测量，推动宇宙学研究。

4. **强引力透镜星系团宇宙学**：利用MCI的星系团超深场数据搜索强引力透镜多像系统，并精确测量星系团外围区域的弱引力透镜效应。

综上所述，MCI计划在紫外光学、弱引力透镜宇宙学、高红移超新星宇宙学以及强引力透镜星系团宇宙学等多个方面进行超深场研究。"
148,CSST超深场数据在时变天文角度有何特点？,CSST超深场数据将是人类首次对单一目标天区进行多波段同时覆盖的长时间深度监测，可以捕获深度至少26(27)等天体的5分钟(1小时)以上时标的全波段光变事件，对于捕获超深场天区的高红移超新星等突发事件非常有帮助。,"CSST超深场数据在时变天文角度的特点主要体现在以下几个方面：

1. **深度监测**：CSST超深场数据将对单一目标天区进行多波段同时覆盖的长时间深度监测，可捕获深度至少26(27)等天体的5分钟(1小时)以上时标的全波段光变事件^[1]^。

2. **高红移超新星**：CSST的超深场在寻找更高红移Ia型超新星方面可以迅速同时确定其在深场中的坐标和大致红移信息(3色同时的测光红移)，具有更强大的优势^[1]^。

3. **暗能量研究**：CSST的超深场预计可在1年时间(每周2小时深度曝光)发现100-200颗红移1.0-1.5左右的Ia型超新星，累积5-10年观测，数目将相当可观，有望帮助我们获得对暗能量状态方程的决定性的认识^[1]^。

4. **暗物质研究**：CSST多色成像主巡天将精确测量红移z=1.5以来各尺度上的暗物质结构，试图回答关于暗物质的几个最重要的问题，如暗物质是否是冷的、是否具有自相互作用以及星系如何在暗物质晕中形成演化等^[1]^。",CSST超深场数据的特点是：它使用了先进的光谱分析技术来测量星系中的气体和尘埃分布。这些数据可以提供关于宇宙中恒星形成、星际介质以及星系演化的重要信息。此外，CSST超深场数据还具有高精度和高分辨率，能够捕捉到非常微小的结构，并且可以在极短的时间内完成大量的观测任务。因此，它的特点是精确度高、时间效率高、观测范围广等。,0.3,根据已知信息无法回答该问题。已有的信息没有详细描述CSST超深场数据在时变天文角度的具体特点。
149,目前发现的高红移超新星主要来自于哪里？,目前发现的高红移超新星基本上来自于HST（哈勃空间望远镜）的深场数据，如CLASH和CANDELS等项目。,目前发现的高红移超新星主要来自于**HST深场数据**（如CLASH和CANDELS），且仅发现数十颗^[1]^。,目前发现的高红移超新星主要来自于银河系。,0.0,"目前发现的高红移超新星主要来自于哈勃空间望远镜(Hubble Space Telescope, HST)的深场数据，例如CLASH和CANDELS项目。"
150,如何通过强引力透镜星系团的放大效应来捕获高红移超新星？,可以借助强引力透镜星系团的放大效应来捕获更高红移处的超新星。这种放大效应可以增加超新星的亮度，使其更容易被探测到。,"**通过强引力透镜星系团的放大效应来捕获高红移超新星的方法是利用引力透镜观测，研究者可以观察到这些不发光的物质在宇宙中如何分布，并通过它们形成的结构来推测它们的本质**
。这种方法可以帮助我们研究暗物质在宇宙中的分布和性质，以及暗物质对宇宙结构形成的影响等问题^[1]^。

强引力透镜效应是一种天文现象，它使得背景天体发出的光在传播过程中被前景天体（如星系团）的引力场弯曲，从而形成一个或多个像。这种现象可以用来研究前景天体的质量分布和动力学性质，以及背景天体的物理特性。在这种情况下，如果背景天体是一个高红移的超新星，那么通过引力透镜观测，我们可以观察到它的光被前景天体放大，从而更容易被捕获和观测^[2]^。","强引力透镜是一种天文学现象，它发生在两个或多个天体之间的相互作用中。当一个天体（如恒星）穿越另一天体（如星系团）时，其光线会被弯曲，形成所谓的“强引力透镜”。这种现象可以用来观测遥远的、低质量的天体，例如超新星。

要利用强引力透镜来捕捉高红移超新星，需要满足以下条件：

1. 高红移：这意味着超新星位于远离地球的距离非常远的地方。这可以通过使用先进的望远镜和光谱仪来实现。

2. 低质量：这意味着超新星的质量非常小，通常小于太阳质量的百万分之一。这可以通过测量超新星的亮度和颜色来确定。

3. 弱引力透镜效应：这意味着超新星在穿过强引力透镜的过程中不会被显著扭曲。这可以通过精确地计算强引力透镜效应来实现。

4. 稳定性：这意味着超新星必须足够稳定，以便能够持续发光并保持在预期的位置上。这可以通过监测超新星的光度变化来实现。

5. 观测时间：最后，观测时间也是关键因素。由于超新星通常在宇宙中存在数亿年，因此需要长时间的观测才能捕捉到它们。

综上所述，通过强引力透镜效应，我们可以观察到距离我们非常遥远、质量极小且处于稳定状态的高红移超新星。",0.3,"通过强引力透镜星系团的放大效应来捕获高红移超新星的方法如下：

1. **利用星系团的引力放大**：当光线经过一个巨大的星系团时，由于星系团的质量会弯曲光线路径，导致远处的光源看起来位置偏移或者亮度增强。这种现象称为引力透镜效应。

2. **捕捉高红移超新星**：对于那些位于遥远距离的高红移超新星，它们本身的亮度可能不足以在常规观测中被检测到。但是，如果这些超新星位于星系团附近，那么通过星系团的引力放大效应，它们的亮度会被显著提升，从而更容易被探测到。

3. **多通道成像仪的应用**：使用多通道成像仪（Multi-Channel Imaging Instrument, MCI）可以在多个波段同时观测同一区域，这样可以获得丰富的光谱信息，有助于识别出被引力透镜放大的超新星。

4. **时间延迟测量**：通过记录不同像之间的光到达时间差异，可以计算出时间延迟，进而推断出星系团的质量分布，这对于验证暗物质的存在和性质至关重要。

综上所述，通过强引力透镜星系团的放大效应，我们可以增加对高红移超新星的观测能力，从而更好地研究宇宙的结构、暗能量以及暗物质的特性。"
151,暗物质在宇宙中的主要作用是什么？,暗物质是宇宙中除暗能量外最主要的成分，占实物总量的80%以上。它在引力作用下带着重子物质一起聚集，被认为是从星系到星系团乃至更大尺度宇宙结构形成的驱动因素。,暗物质在宇宙中的主要作用是**聚集并驱动宇宙结构形成**。它们占据了宇宙实物总量的80%以上，远多于能产生电磁辐射的普通重子物质。暗物质在引力作用下带着重子物质一起聚集，被认为是从星系到星系团乃至超星系团和纤维状大尺度结构等宇宙结构形成的驱动因素^[1]^。,"暗物质是构成宇宙中大部分物质的一种神秘力量。它对宇宙的结构和演化起着至关重要的作用。

暗物质是一种不发光、不发射电磁波的物质，因此我们无法直接观测到它的存在。然而，科学家们通过引力透镜效应、星系旋转速度的变化以及宇宙微波背景辐射等现象，间接证明了暗物质的存在。

暗物质的主要作用包括：

1. 控制宇宙的加速膨胀：根据宇宙学原理，暗物质的质量占宇宙总质量的约27%，而暗能量占据了剩余的73%。暗物质的质量决定了宇宙的加速膨胀速率，从而影响宇宙的未来走向。

2. 影响星系的形成与演化：暗物质对星系的形成和演化有着重要影响。例如，暗物质可以影响星系的旋转速度，进而影响星系的形态和大小。

3. 保护地球免受宇宙射线的影响：暗物质能够吸收并阻止来自外部宇宙的高能粒子，如伽马射线和电子束，从而保护地球上的生命不受这些高能粒子的伤害。

4. 可能参与宇宙大爆炸后的早期阶段：一些理论认为，在宇宙大爆炸后不久，暗物质可能参与了宇宙的早期阶段，并且可能在某些情况下扮演了主导角色。

总的来说，暗物质在宇宙中发挥着重要作用，其研究对于理解宇宙的起源和发展具有重要意义。",0.4,暗物质在宇宙中的主要作用是作为引力的来源，它带动着重子物质聚集形成了各种规模的宇宙结构，包括从单个星系到星系团乃至更大尺度的结构。暗物质的存在最早是在对星系团内部星系速度分散的测量中被发现的，并且随后证明了它们在整个宇宙的不同尺度上都普遍存在着。尽管暗物质占据了宇宙物质总量的大约80%，远远超过了能够发出电磁辐射的普通重子物质，它的物理本质仍然是未解之谜。暗物质通过其引力效应影响着光子的传播和重子物质的分布，是宇宙结构形成的关键驱动力量。
152,暗物质是否是冷的，这对宇宙结构形成有何影响？,暗物质是否是冷的，对宇宙结构形成有重要影响。冷暗物质模型可以很好地解释大多数宇宙学和星系形成观测事实，而温暗物质模型则可能导致宇宙中小尺度结构的缺乏。目前，关于暗物质是否是冷的还存在争议。,"暗物质是否是冷的，这对宇宙结构形成的影响有：

* **暗物质如果是冷的，那么它将聚集在宇宙中的特定区域，形成暗物质晕** 。这些暗物质晕可以驱动宇宙结构形成，包括星系、星系团、超星系团和纤维状大尺度结构等^[1]^。
* **暗物质晕中的暗物质在引力作用下带着重子物质一起聚集** ，形成星系等宇宙结构。这个过程可以通过引力透镜观测来观察，研究者可以观察到这些不发光的物质在宇宙中如何分布，并通过它们形成的结构来推测它们的本质^[1]^。

总的来说，暗物质的性质（包括是否是冷的）对宇宙结构形成有重要影响，研究者正在通过不同的方法探索暗物质的本质和性质。","暗物质是一种未被直接观测到但对宇宙学有重要影响的物质。暗物质的存在可以解释许多天文现象，包括星系旋转速度、星系团之间的引力作用等。暗物质的质量大约占总质量的85%，它在宇宙中的分布非常广泛，几乎占据了整个宇宙的70%。

暗物质的温度通常被认为是零度以下（即绝对零度），因为它们不与光子相互作用，因此不会发射或吸收任何能量。然而，由于暗物质的质量巨大，其密度非常高，所以即使在极端低温下，它的存在也会对宇宙结构的形成产生重大影响。

首先，暗物质的高密度可能导致宇宙膨胀加速。根据宇宙大爆炸理论，宇宙最初是一个极小而密集的状态，随着时间的推移，宇宙开始膨胀并冷却。如果暗物质没有足够的质量来抵消引力，那么宇宙可能会继续膨胀而不减速，导致宇宙膨胀加速。这被称为“暗物质加速膨胀”效应。

其次，暗物质的高密度还可能影响宇宙中恒星和行星的形成。由于暗物质的高密度，宇宙中可能存在大量的暗物质尘埃云，这些尘埃云可以成为未来恒星和行星形成的母体。此外，暗物质还可以通过引力作用影响星系的形态和演化，从而影响宇宙结构的形成。

总的来说，虽然我们目前无法直接观察到暗物质，但它对宇宙结构的形成有着不可忽视的影响。通过对暗物质的研究，我们可以更好地理解宇宙的起源和发展过程。",0.6,"根据已知信息，上世纪八十年代以来，冷暗物质模型取得了巨大的成功。这类暗物质在宇宙早期只具有很小的动能，因此被称为“冷”的暗物质。在这样的宇宙中，小的结构率先形成，通过合并成长为大结构。冷暗物质模型可以很好地解释大多数宇宙学和星系形成观测事实。

若暗物质不是冷的，则意味着它在宇宙早期具有较大的动能。这会对宇宙结构形成产生以下影响：

1. **结构形成顺序**：如果暗物质粒子具有较高的动能，那么在宇宙早期，大尺度结构可能会优先形成，然后通过合并形成较小的结构。这种情况下，宇宙结构的形成顺序与冷暗物质模型预测的不同。

2. **结构稳定性**：高动能的暗物质粒子可能导致结构的不稳定性和动态行为，这可能会影响星系和星系团的形成及演化过程。

3. **星系形成效率**：冷暗物质模型预测星系在暗物质晕中形成时，暗物质晕的中心密度较高，有利于气体凝聚形成星系。如果暗物质不是冷的，星系形成的过程及其效率可能受到影响。

4. **宇宙学观测**：冷暗物质模型能够较好地解释宇宙学观测数据，比如大尺度结构的分布、星系的分布等。如果暗物质不是冷的，可能需要调整或提出新的模型来解释同样的观测现象。

综上所述，暗物质是否是冷的，对其作为宇宙结构形成驱动力的作用有重要影响，并且可能会影响到星系形成、宇宙结构的演化等多个方面。"
153,暗物质粒子是否具有自相互作用？这对星系团研究有何重要性？,暗物质粒子是否具有自相互作用是一个重要的问题。自相互作用暗物质模型会影响星系团的形成和演化，导致暗物质晕中心的密度分布发生变化。对星系团中暗物质和重子物质分布的研究可以为我们理解暗物质粒子是否具有自相互作用提供线索。,"暗物质粒子是否具有自相互作用是暗物质研究中的一个重要问题。自相互作用可以影响暗物质的聚集和演化过程，以及它们在宇宙中的分布。对于星系团研究而言，暗物质自相互作用的重要性主要体现在以下几个方面：

1. **影响星系团的形成和演化**：如果暗物质粒子具有自相互作用，那么它们在宇宙中的聚集过程就会受到这种相互作用的影响。这可能会导致星系团在形成和演化过程中呈现出不同的特征，例如星系团的结构、形态和动力学特性等。
2. **改变暗物质的分布**：自相互作用可能会导致暗物质在宇宙中的分布发生变化。例如，如果暗物质粒子具有排斥性自相互作用，那么它们可能会形成更小的暗物质晕，而这些晕在冷暗物质模型中是不存在的。这种分布变化可以通过观测强引力透镜系统来探测到^[1][2]^。
3. **检验暗物质模型**：通过对暗物质自相互作用的研究，可以进一步检验和完善暗物质模型。例如，可以通过观测星系团中暗物质的分布和演化情况，来验证或排除不同的暗物质模型。

总的来说，暗物质粒子是否具有自相互作用是一个需要深入研究的问题，它对于理解宇宙的结构和演化过程具有重要意义。","是的，暗物质粒子确实具有自相互作用。这种相互作用是通过引力来实现的，它使得暗物质粒子之间的距离保持不变。

暗物质粒子与普通物质（如电子、质子等）之间没有直接的相互作用，但它们在宇宙中占据着大约85%的质量。因此，了解暗物质粒子的行为对于理解宇宙结构和演化至关重要。

暗物质粒子的研究有助于我们更好地理解宇宙的起源和演化过程，以及宇宙中的基本力量如何影响我们的世界。此外，暗物质粒子的存在也为我们提供了探索宇宙深处的新途径，例如寻找可能存在的黑洞和其他天体。",0.5,"根据已知信息，暗物质粒子是否具有自相互作用是一个重要的科学问题。一些理论认为暗物质粒子可能具有自相互作用，这种相互作用可以通过星系团内的观测数据来间接检测。具体而言，在星系团并合过程中，暗物质粒子与标准模型粒子的非引力相互作用可能会变得更加显著，因为在这个过程中暗物质粒子与其他物质的相对速度较低，增加了相互作用的机会。通过分析并合星系团中暗物质与普通物质的位置关系，科学家们可以尝试推断是否存在暗物质粒子之间的自相互作用。

自相互作用的存在会对星系团的结构形成和演化产生影响。例如，它可能导致暗物质晕的中心密度下降，形成类似于核球的结构，并且可以从较大的暗物质团块中剥离出较小的暗物质晕，使这些子结构更容易受到潮汐引力的作用。此外，自相互作用还会影响暗物质晕的结构形成顺序，尽管整体上与冷暗物质模型相似，但在细节上可能会有所区别。

因此，研究暗物质粒子的自相互作用不仅有助于揭示暗物质的基本属性，还能加深我们对星系团和其他宇宙结构形成机制的理解。通过观测并合星系团，特别是那些能够提供清晰暗物质分布图像的星系团，科学家们可以获取有关暗物质自相互作用的重要线索。"
154,子弹星系团观测如何为暗物质存在提供证据？,子弹星系团观测为暗物质存在提供了直接证据。在该星系团中，暗物质和重子物质存在明显的偏离，这表明暗物质和重子物质在引力作用下的行为是不同的。这一观测结果为暗物质的存在提供了强有力的支持。,"**子弹星系团观测为暗物质存在提供证据是通过观测暗物质和重子物质在星系团并合过程中的分布和相互作用情况来间接推断暗物质的存在**。

在子弹星系团中，暗物质和重子物质存在明显的偏离，这表明在宇宙中的星系团尺度上，暗物质是真实存在的。同时，这种偏离并没有大到足以表明暗物质正在发生相互作用，因此可以推断出暗物质是冷的，即它们之间没有显著的相互作用^[1]^。

此外，通过引力透镜观测，研究者可以观察到这些不发光的物质在宇宙中如何分布，并通过它们形成的结构来推测它们的本质。多功能光学设施多色成像主巡天将精确测量红移z=1.5以来各尺度上的暗物质结构，试图回答关于暗物质的几个最重要的问题，如暗物质是否是冷的、暗物质粒子是否具有自相互作用等^[2]^。",子弹星系团观测可以作为暗物质存在的间接证据。这是因为暗物质是宇宙中一种未知的物质形式，它不与电磁力相互作用，因此在光谱分析、引力透镜效应和星系旋转速度等方面无法直接检测到。然而，通过观察子弹星系团中的恒星运动轨迹，科学家们发现这些恒星似乎被一个看不见的力量吸引着，这种力量被称为“暗动力学”。这表明宇宙中可能存在一种我们目前还不了解的物质类型——暗物质。因此，子弹星系团观测为暗物质的存在提供了间接证据。,0.5,"子弹星系团观测为暗物质的存在提供了直接且有力的证据。这个观测主要基于以下两点：

1. **暗物质与重子物质的明显偏离**：在子弹星系团中，通过弱引力透镜技术重构的暗物质分布与X射线气体（即重子物质的主要组成部分）之间出现了明显的差异。这种差异表明，在星系团尺度上，暗物质和重子物质的分布并不一致，这与预期的引力理论相符合，因为只有暗物质的存在才能解释这种现象。

2. **暗物质与重子物质未发生大规模混合**：尽管暗物质和重子物质在子弹星系团中表现出不同的分布特征，但它们之间的分离程度并没有大到足以表明暗物质正在进行相互作用。这意味着在当前的观测条件下，暗物质似乎没有与其他暗物质粒子发生显著的相互作用，这支持了暗物质粒子可能是独立或极少相互作用的假设。

综上所述，子弹星系团的观测不仅证明了暗物质的存在，还揭示了它在宇宙结构形成过程中的关键角色，并为进一步研究暗物质的性质提供了宝贵的线索。"
155,自相互作用暗物质的研究主要依赖于哪些观测方法？,自相互作用暗物质的研究主要依赖于并合星系团及其内部星系的观测。通过对星系团中暗物质和重子物质分布的研究，以及对星系团内星系间暗物质分布位置差异的测量，可以探究暗物质粒子是否具有自相互作用及其性质。,"自相互作用暗物质的研究主要依赖于以下几种观测方法：

* **弱引力透镜** 。通过观测远处星系的光受到前景物质引力场的作用而产生的图像扭曲，可以直接“观测”暗物质，这是最直接、有效的手段之一^[2]^。
* **X射线观测** 。通过观测X射线的强度、分布和变化，可以推断出暗物质的存在和性质，如自相互作用截面等^[1]^。
* **光学观测** 。通过观测光线的传播路径和强度变化，可以推断出暗物质对光线的引力作用，从而研究暗物质的性质^[1]^。
* **动力学分析** 。通过分析星系的运动状态，可以推断出暗物质对星系的引力作用，从而研究暗物质的性质^[2]^。

此外，还有结合强弱引力透镜与动力学数据的研究方法，以及利用并合星系团和其中的星系对自相互作用暗物质的研究方法^[1][2]^。","自相互作用暗物质的研究主要依赖于以下几种观测方法：

1. X射线天文学：通过观察星系中心的X射线辐射强度变化来探测暗物质的存在。

2. 中微子天文台：中微子是一种无法直接探测到的粒子，但它们可以与暗物质发生相互作用。因此，中微子天文台可以通过测量中微子的运动轨迹和能量损失来间接探测暗物质。

3. 暗物质望远镜：暗物质望远镜是专门用于探测暗物质的望远镜，它使用特定波长的光束（如紫外线或伽马射线）来探测暗物质存在的迹象。

4. 重力透镜效应：当暗物质穿过光线时，它会对光线产生弯曲，这种现象称为重力透镜效应。通过分析重力透镜效应，科学家们可以推断出暗物质的存在。

5. 红移效应：当一个物体远离我们移动时，它的光谱会变红。如果这个物体携带了暗物质，那么它在远离我们的过程中可能会改变其速度，从而影响光谱。通过分析这些数据，科学家们可以推断出暗物质的存在。",0.2,"自相互作用暗物质的研究主要依赖以下几种观测方法：

1. **并合星系团**：通过观测并合星系团中暗物质和普通物质的位置关系，分析暗物质粒子是否和自身发生碰撞及碰撞的频率。这种现象可以通过星系团内的引力透镜效应间接揭示出来。

2. **引力透镜技术**：利用引力透镜效应，特别是高放大率的引力透镜现象，可以探测到轴子暗晕的存在。这种方法通过观察光线在大质量星系团附近的弯曲情况，来推断暗物质分布及其特性。

3. **宇宙学观测**：包括对宇宙中小尺度结构的观测，如星系团中心的X射线发射线等，以及对宇宙大尺度结构的观测，如宇宙微波背景辐射等，可以帮助研究者区分不同类型的暗物质模型。

4. **多功能光学设施多色成像主巡天**：通过精确测量红移z=1.5以来各尺度上的暗物质结构，可以获取暗物质在不同尺度上的分布信息，进而探讨暗物质的性质，包括是否具有自相互作用等问题。

5. **强引力透镜星系团**：利用这些星系团的放大效应来捕捉远处的Ia型超新星，尽管这些超新星不能直接用于限制暗能量参数，但它们可以验证Ia型超新星的演化，这对于宇宙学研究非常重要。

综上所述，自相互作用暗物质的研究涉及多种天文观测技术和理论分析，旨在通过不同的角度和层次来探究暗物质的基本属性和行为。"
156,CSS-OS深场和CSST-MCI超深场主要用于什么目的？,CSS-OS深场以及CSST-MCI超深场主要用于进行强弱引力透镜测量，同时通过选择合适的强引力透镜源星系团，利用CSST-IFS后随观测得到其中心光谱信息，进行动力学分析。,CSS-OS深场和CSST-MCI超深场主要用于**测量暗物质性质以及重子物质的复杂过程**。通过结合强弱引力透镜和动力学分析，可以精确测量目标星系团中心密度轮廓，从而对暗物质性质以及重子物质的复杂过程进行限制^[1]^。此外，CSST-MCI紫外光学超深场还可以用来对主巡天弱引力透镜宇宙学进行定标，有助于对主巡天成像欠采样问题进行校正定标^[2]^。,CSS-OS深场和CSST-MCI超深场主要用于研究暗物质性质以及重子物质的复杂过程。它们将搜索到上千个可以进行强引力透镜研究的星系团，并且会针对少数星系团进行深度曝光。利用这些观测提供的高精度引力透镜数据，研究暗物质性质以及重子物质的复杂过程。,0.6,"CSS-OS深场和CSST-MCI超深场主要用于以下几个目的：

1. **弱引力透镜测量**：通过覆盖足够大的天区进行强弱引力透镜测量，这有助于精确测量目标星系团中心密度轮廓，进而对暗物质性质及重子物质的复杂过程进行限制。

2. **动力学分析**：利用CSST-MCI超深场的图像，结合强引力透镜源星系团的动力学数据，进行动力学分析，以更好地理解星系团内部结构及其演化过程。

3. **星系计数和红移统计**：CSS-OS深场能探测到大量的星系，尤其是红移在z<1.5范围内的星系，这有助于构建星系的三维分布图，提供宇宙学参数的约束。

4. **超新星宇宙学**：CSST-MCI超深场数据将用于寻找更多高红移的Ia型超新星，这不仅有助于捕捉超新星等突发事件，还能提供关于暗能量行为的重要信息，进一步推进对宇宙加速膨胀的理解。

综上所述，这两类深场观测对于推动宇宙学研究，特别是暗能量、暗物质和宇宙早期结构的探索具有重要意义。"
157,引力透镜测量是如何进行的？,引力透镜测量是通过对远处星系发出的光受到前景物质引力场的作用而产生图像的扭曲进行观测和分析的，这是直接“观测”暗物质的最直接、有效的手段之一。,引力透镜测量是通过观察远处星系所发的光受到前景物质引力场的作用而产生图像的扭曲来进行的。这种扭曲是由暗物质引起的，因此可以通过测量这种扭曲来推断暗物质的存在和分布情况。具体来说，引力透镜测量可以分为强引力透镜和弱引力透镜两种类型。强引力透镜是指前景物质将远处的光源（如类星体）放大并扭曲成多个像，通过观测这些像可以推断出前景物质的分布和质量。弱引力透镜则是指前景物质引起的光线的微小扭曲，通过观测这种扭曲可以限制宇宙的平均密度参数和涨落参数等^[1]^。,"引力透镜测量是一种利用引力透镜效应来研究天体运动和宇宙学的方法。它通过观测光线在穿过一个大质量物体（如星系或黑洞）时发生弯曲的现象来实现。

引力透镜测量的基本步骤如下：

1. 观测：使用望远镜或其他光学设备观测目标天体，以获取其光谱数据。

2. 信号处理：对收集到的数据进行信号处理，提取出与引力透镜效应相关的信号。

3. 确定位置：根据信号处理的结果，确定目标天体的位置，并将其与已知信息（如距离、亮度等）相匹配。

4. 计算参数：基于已知的信息，计算引力透镜效应的相关参数，如角度、速度等。

5. 分析结果：分析引力透镜效应的影响，从而推断出目标天体的物理性质。

6. 结果验证：将预测结果与实际观测结果进行比较，以验证模型的有效性。

7. 数据反馈：将实验结果反馈给理论家，以便进一步完善理论模型。

8. 模型更新：根据新的观测数据，更新引力透镜测量模型，提高精度和准确性。

以上就是引力透镜测量的基本过程。",0.6,"引力透镜测量是一种天文技术，用于估算天体的质量，特别是那些不可见或难以直接测量质量的天体，比如黑洞、暗物质区域或遥远的星系。以下是基于已知信息概括的引力透镜测量的基本步骤：

1. **候选体筛选**：
   - 利用现有星表筛选具有较大自行的天体作为潜在的引力透镜候选体。
   - 给出候选体的综合判断指标，包括引力透镜效应的预期大小、可观测的时间等特性。

2. **天体测量数据处理**：
   - 研究和实现恒星天体时序序列的处理方法，分析影响引力透镜现象的天文效应。
   
3. **质量确定方法**：
   - 基于天体测量获得的引力弯曲效应，研究并实现一种方法来确定星体的质量。

4. **数据分析**：
   - 对引力透镜现象的数据进行深入分析，包括但不限于：
     - 使用Gaia DR2和其他数据集校准CSST的天体测量数据。
     - 建立红外参考框架并与国际天球参考框架连接。
     - 开发检测系外行星系统的数据处理流程，识别可能存在行星系统的源，并计算行星的存在概率及其轨道参数。
     - 提取疏散星团成员星，以限制银河系的结构和动力学特性。

5. **理论与应用**：
   - 探索暗物质的性质，如冷暗物质或温暗物质，通过分析小尺度暗物质结构的丰度来区分不同类型的暗物质模型。
   - 研究星系气体和星系性质之间的关系，特别关注星系周介质（CGM）的形成、演化以及多相气体的复杂转换过程。

综上所述，引力透镜测量涉及候选体的选择、天体测量数据的精细处理、质量的精确确定以及对相关天文现象的深入理论研究和应用。"
158,什么是强引力透镜和弱引力透镜？,强引力透镜是当背景星系、星系团或类星体发出的光线经过大质量天体附近时，受到大质量天体的引力场影响而发生强烈的偏折和放大效应；而弱引力透镜则是远处星系所发的光受到前景物质引力场的作用而产生图像的微小扭曲。,"强引力透镜和弱引力透镜是宇宙学中研究暗物质性质的重要工具。

* 强引力透镜是指当背景光源发出的光穿过前景物质时，由于前景物质的引力作用，光被弯曲并聚焦到一点，形成一个或多个像。这种效应可以用来研究前景物质的质量分布和形状，以及背景光源的性质和位置。
* 弱引力透镜是指当背景光源发出的光穿过前景物质时，由于前景物质的引力作用，光被轻微弯曲，导致背景光源的亮度分布发生变化。这种效应可以用来研究前景物质的引力场对背景光源的影响，以及前景物质和背景光源之间的相互作用。

总的来说，强引力透镜和弱引力透镜都是研究宇宙学中暗物质性质的重要工具，它们可以通过不同的方式提供关于宇宙学和天体物理学的信息^[1][2]^。","强引力透镜是一种特殊的天文现象，它是指当一个物体（如恒星或星系）穿越另一物体（称为透镜）时，由于光线弯曲而产生的现象。这种现象在宇宙中很常见，特别是在星系团中。

弱引力透镜则是指当一个物体穿过另一个较慢运动的物体（称为透镜）时，由于光线弯曲而产生的现象。弱引力透镜通常发生在星系团中，因为它们包含大量的气体和尘埃，使得光线在穿过它们时会发生弯曲。

强引力透镜和弱引力透镜都可以用来研究宇宙中的物质分布和结构，但它们的工作原理和应用有所不同。强引力透镜主要关注于星系团中的物质分布，而弱引力透镜则更侧重于研究暗能量和宇宙学问题。",0.4,"强引力透镜和弱引力透镜是两种不同的天文现象，它们都是基于光线经过有质量物体时会发生弯曲的现象——广义相对论中的引力透镜效应。

**强引力透镜**：
当光线经过质量极大且体积较小的天体（比如星系团或超新星爆发后的致密核心）时，由于该天体的质量足以强烈弯曲光线路径，会产生明显的、可观察到的图像变形或多重影像效果。这种现象被称为强引力透镜。强引力透镜通常会显示出多个重叠的影像，或者原本单一的星系分裂成多个影像。它对于研究天体物理学中的质量分布、暗物质特性、宇宙膨胀率等问题有着重要作用。

**弱引力透镜**：
相比之下，弱引力透镜发生在质量较轻、分布范围较大的天体周围，如遥远的星系群或星系团。在这种情况下，光线的弯曲程度相对较弱，使得影响难以直接观察到。然而，这种微小的弯曲累积起来，在大规模的宇宙结构中仍然可以产生可观测的效果。弱引力透镜主要通过其对背景星系图像的微小扭曲来检测，这些扭曲通常不易察觉，但可以通过统计方法积累大量的数据来进行分析。弱引力透镜主要用于测量宇宙的大尺度结构、估算宇宙的平均密度、研究宇宙的膨胀历史等。

两者结合使用，可以在不同尺度上提供有关宇宙组成、结构和演化的重要信息，包括暗物质的分布、重子物质的性质、宇宙的总体质量和能量组成等关键参数。"
159,CSS-OS能搜索到多少个星系团用于强引力透镜研究？,CSS-OS将搜索到近千个可以进行强引力透镜研究的星系团。,"**CSS-OS能搜索到近千个星系团用于强引力透镜研究**^[1]^。

CSS-OS深场以及CSST-MCI超深场将会覆盖足够大的天区进行强弱引力透镜测量，同时通过选择合适的强引力透镜源星系团，利用CSST-IFS后随观测得到其中心光谱信息，进行动力学分析。这样，我们将结合强弱引力透镜和动力学精确测量目标星系团中心密度轮廓，从而对暗物质性质以及重子物质的复杂过程进行限制^[1]^。",CSS-OS可以搜索到上千个可以进行强引力透镜研究的星系团，这些星系团中有很多正处于合并过程中。CSS-OS将搜索到近千个可以进行强引力透镜研究的星系团，这些星系团中有很多正处于合并过程中。CSS-OS将搜索到近千个可以进行强引力透镜研究的星系团，这些星系团中有很多正处于合并过程中。,0.5,根据已知信息，CSS-OS将搜索到近千个可以进行强引力透镜研究的星系团。
160,如何利用CSST-IFS进行中心光谱信息观测？,通过选择合适的强引力透镜源星系团，利用CSST-IFS后随观测得到其中心光谱信息，进行动力学分析。,"利用CSST-IFS进行中心光谱信息观测的方法如下：

1. **选择合适的强引力透镜源星系团**。这些星系团通常具有较大的质量，能够产生明显的引力透镜效应，从而方便观测者获取中心光谱信息。
2. **使用CSST-IFS进行后随观测**。通过CSST-IFS的观测，可以获取星系团中心区域的光谱信息，包括各种发射线和吸收线的特征。
3. **结合动力学分析**。在获取了中心光谱信息后，可以通过动力学分析来进一步了解星系团中心区域的物理性质，如温度、密度、速度分布等。

通过以上步骤，我们可以结合强弱引力透镜和动力学分析，精确测量目标星系团中心密度轮廓，从而对暗物质性质以及重子物质的复杂过程进行限制^[1]^。","CSST-IFS是一种用于中心光谱信息观测的技术。它使用计算机视觉和图像处理技术来分析和提取中心光谱信息。具体来说，它可以自动识别并跟踪光源的位置、强度和方向，并将其转换为可读的数据格式，以便进一步分析和研究。

要使用CSST-IFS进行中心光谱信息观测，首先需要收集数据，包括光源的位置、强度和方向等信息。然后，可以使用计算机视觉和图像处理技术对这些数据进行分析和处理，以提取出中心光谱信息。最后，可以将这些信息转化为可读的数据格式，以便进一步分析和研究。",0.3,"利用CSST-IFS进行中心光谱信息观测的方法如下：

1. **高空间分辨率的二维光谱观测**：CSST-IFS能够以0.2弧秒的空间分辨率对星系中心区域进行高精度的二维光谱观测。这使得研究人员可以直接观察到星系核心附近的气体流动情况。

2. **光学波段的光谱信息**：由于光学波段是最成熟的研究领域，拥有丰富的发展历史和成熟的分析工具，CSST-IFS的观测能够在光学波段提供星系核心区域的详细光谱信息，这对于深入研究气体流动特性至关重要。

3. **探测特定发射线**：通过CSST-IFS，研究人员可以探测到诸如2.12微米的H₂发射线，这是研究星系核心区域内气体流动的重要指标。

4. **对比分析**：CSST-IFS与其它观测技术（如MaNGA）的数据进行对比，可以帮助科学家评估其在探测特定发射线（如[OII]λ3727）的能力，从而优化观测策略和数据分析方法。

综上所述，CSST-IFS通过其独特的高空间分辨率和光学波段优势，为研究星系核心区域的气体流动提供了强大的工具，有助于揭示星系内部物质和能量交换的过程及其规模和强度。"
161,动力学分析在星系团中心密度轮廓测量中起什么作用？,动力学分析结合强弱引力透镜精确测量目标星系团中心密度轮廓，从而对暗物质性质以及重子物质的复杂过程进行限制。,动力学分析在星系团中心密度轮廓测量中起**重要作用**。结合引力透镜和动力学数据，可以通过分析星系团中心是否存在核球等问题，进一步了解暗物质晕中心密度轮廓的性质和特征^[1]^。,动力学分析在星系团中心密度轮廓测量中起着关键的作用。它可以帮助科学家们理解星系团内部物质的分布和运动状态，从而更好地研究宇宙学问题。通过动力学分析，科学家可以确定星系团中的物质如何相互作用，并且可以使用这些信息来推断出星系团的结构、演化历史以及可能存在的暗物质等。因此，动力学分析是星系团中心密度轮廓测量的重要组成部分。,0.9,"动力学分析在星系团中心密度轮廓测量中扮演了至关重要的角色。它主要通过以下方式发挥作用：

1. **结合引力透镜和动力学数据**：动力学分析与引力透镜技术相结合，能更准确地揭示星系团内部的物质分布情况。引力透镜提供了关于星系团外部区域的信息，而动力学分析则深入探讨星系团中心区域的动态特性，如星系运动速度、轨道形状等，从而帮助构建更全面的星系团中心密度轮廓。

2. **提供星系运动信息**：通过对星系团内星系或恒星群的速度分布、轨道参数等动力学特征的分析，动力学方法能够推断出星系团中心区域的物质质量和密度分布。这种基于运动学的直接测量方法有助于识别星系团中心可能存在的特殊结构，比如核球或陡峭的密度梯度。

3. **验证暗物质模型**：动力学分析还能用于检验不同暗物质模型预测的星系团中心密度轮廓是否符合观测数据。通过对比理论预测与实测结果，科学家可以评估各种暗物质模型的有效性，并进一步探索暗物质的本质属性。

4. **减少统计误差**：尽管Newman等人仅研究了7个星系团，动力学分析结合其他观测手段（如引力透镜）可以帮助减少因样本数量不足带来的统计误差，提供更可靠且广泛的星系团中心密度轮廓描述。

综上所述，动力学分析不仅增强了我们对星系团中心密度轮廓的理解，还为探究暗物质性质及重子物质复杂过程提供了强有力的工具和技术支持。"
162,CSST巡天对测量暗晕质量函数有什么优势？,CSST的巡天面积和深度较现有巡天大幅提升，能够提供大量高质量的数据，结合适当的星系团/星系群的搜索方法，对暗晕质量函数进行多角度多方法的测量，限制宇宙学模型。,"CSST巡天对测量暗晕质量函数的优势主要体现在以下几个方面：

1. **CSST的巡天面积巨大，星系数密度高** 。这可以大幅提高针对暗晕质量函数的测量精度，特别是与暗能量相关的宇宙学参数的限制能力^[2]^。
2. **CSST具有从近紫外到光学波段的全覆盖** 。这为精确的测光红移测量提供了数据基础，有助于更准确地测量暗晕的质量函数^[2]^。
3. **CSST的观测策略灵活多变** 。可以根据不同的科学目标需求，灵活调整观测策略，以获得更准确的暗晕质量函数测量结果^[2]^。

总的来说，CSST巡天在测量暗晕质量函数方面具有独特的优势，将为暗物质和暗能量的研究提供重要的科学价值。","CSST巡天对测量暗晕质量函数的优势在于：

1. 高精度：CSST巡天使用高精度的望远镜和传感器来收集数据，可以提供更准确的质量函数值。

2. 大样本量：CSST巡天能够收集到大量的观测数据，这使得我们能够获得更全面的质量函数分布图。

3. 精确性：CSST巡天的数据处理过程非常精确，可以确保测量结果的准确性。",0.7,"CSST巡天对测量暗晕质量函数有以下几方面的显著优势：

1. **大样本高质量的数据**：CSST提供了广泛覆盖区域的高质量数据，这使得可以进行大规模的统计分析，从而更准确地测量暗晕的质量分布。

2. **三点相关测量**：CSST的数据足以支持对暗晕质量函数进行三点相关测量，相比于较小面积的巡天项目（如CFHTLenS），其误差可以减少约30倍，提高了测量精度。

3. **高精度的测光红移**：CSST的高精度测光技术允许进行三维（tomographic）的测量，这是首次尝试在暗晕质量函数测量中应用此技术，为深入理解暗晕的三维分布提供可能性。

4. **避免模型依赖性**：通过采用Dong et al. (2019)提出的基于排序和叠加背景弱引力透镜信号的方法，CSST能够在一定程度上消除模型依赖性，提供更加可靠的结果。

综上所述，CSST的巡天数据集因其广度、深度和精度，为测量暗晕质量函数提供了前所未有的机会，不仅能够提高测量精度，还能够探索暗晕质量函数的新测量方法，进一步推动宇宙学研究的发展。"
163,什么是弱引力透镜效应，它是如何直接“观测”暗物质的？,弱引力透镜效应是远处星系所发的光受到前景物质引力场的作用而产生图像的微小扭曲，是直接“观测”暗物质的最直接、有效的手段之一。,弱引力透镜效应是指远处星系所发的光受到前景物质引力场的作用而产生图像的扭曲。这种效应可以直接“观测”暗物质，因为暗物质会产生引力透镜效应，导致背景光源的扭曲和放大。通过观测这种扭曲和放大，可以推断出暗物质的存在和分布情况^[1]^。,"弱引力透镜效应是一种天文现象，它是指当光线经过一个质量较大的天体（如星系或恒星）时，由于其重力作用而弯曲。这种效应可以用来间接测量暗物质的质量和分布。

弱引力透镜效应可以通过观察通过特定路径的光束来实现。例如，如果一颗恒星在穿过一片星系时被强引力透镜效应所影响，那么它的光线就会发生弯曲。科学家们可以通过分析这些弯曲的光线来计算出该恒星的质量，并进而推断出暗物质的质量和分布情况。

总的来说，弱引力透镜效应是研究暗物质的一种重要工具，可以帮助我们更好地理解宇宙中的物质结构和分布。",0.7,"弱引力透镜效应是指远处星系发出的光线在经过宇宙中某一区域时，由于该区域内物质（包括暗物质）的引力影响，导致光线路径发生微小弯曲的现象。这种效应之所以能成为直接“观测”暗物质的有效手段之一，是因为暗物质不发光也不吸收或反射光线，常规的天文观测很难直接探测到它。然而，它的引力作用仍然可以通过对远处星系图像的细微变形来间接揭示。

具体而言，在弱引力透镜效应中，光线经过暗物质密集区域时，会发生轻微的折射，使得原本直线传播的光线轨迹变得弯曲。这会导致远处星系的图像发生微小的形状变化，比如亮度分布的变化、大小的改变、甚至可能出现多个影像。通过对这些微小变形的精确测量，科学家可以反推出暗物质所在区域的质量分布，进而推断出暗物质的存在及其大致位置。这种方法不需要依赖暗物质自身发出的电磁辐射，而是完全基于它对可见光的引力作用，因此被称为“直接观测”暗物质的一种方式。"
164,CSST巡天与Planck卫星观测在限制暗物质分布上有什么差异？,"CSST的巡天面积和深度较Planck大幅提升，对(Ωm, σ8)的限制精度将呈现数量级的增加。如果CSST与Planck的差异仍存在，将在极高统计置信度上对现有宇宙学理论提出挑战。","CSST巡天与Planck卫星观测在限制暗物质分布上的差异如下：

* **观测面积和深度**：CSST的巡天面积和深度较KiDS大幅提升，对(Ωm, σ8)的限制精度将呈现数量级的增加^[1]^。
* **系统误差**：CSST的大样本高质量的剪切数据可以胜任剪切的三点相关的测量，这将有助于更精确地限制暗物质分布^[1]^。
* **峰值统计**：结合峰值统计后的结果可以进一步限制暗物质分布，但当前观测的统计误差仍较大，与Planck的差异的统计置信度仍然较低^[1]^。

总的来说，CSST巡天在限制暗物质分布上有很大的潜力，但当前观测的统计误差仍较大，需要更多的观测数据和更精确的理论模型来进一步限制暗物质分布。","CSST巡天与Planck卫星观测在限制暗物质分布上有以下差异：

1. CSST巡天的面积和深度比KiDS大幅增加，从而提供了更多的强引力透镜系统和巨弧和多像系统的星系团，这些系统有助于对暗物质晕在30-50Kpc尺度上的物质分布给出精确的限制。

2. CSST的巡天结果与峰值统计的结果相比，存在2σ的偏差，这表明新的物理现象可能正在发生，或者系统误差导致了这种差异。

3. Planck卫星的观测结果显示，暗物质分布对宇宙学的限制存在一定的差异，尤其是在30-50Kpc尺度上，这可能是由于系统误差或其他未知因素引起的。

4. 主巡天将为研究这类科学提供重要天文仪器，并有望在未来更好地控制系统误差，从而提高暗物质晕的质量分布限制精度。

综上所述，尽管两者都试图通过探测暗物质来揭示宇宙的秘密，但在限制暗物质分布方面存在一些差异。",0.4,"CSST（China Space Station Telescope）巡天与Planck卫星在限制暗物质分布上有以下几个关键差异：

1. **统计误差**：CSST的巡天面积和深度相较于KiDS（Kilo-Degree Survey）有大幅度提升，这意味着CSST能够收集更多、更高质量的数据。这种增强的数据集允许研究人员对暗物质分布进行更为精细的测量，特别是对$(\Omega_m, \sigma_8)$参数的限制精度预计将呈现数量级的增加。

2. **系统误差**：尽管CSST与Planck之间存在一些系统误差，但两者在暗物质分布上的差异已经达到了大约2个标准差（σ）的程度。这意味着如果在控制系统误差方面做得足够好，且差异依然存在，那么它将对现有的宇宙学理论构成重大挑战，在极高的统计置信度下提出质疑。

3. **暗物质性质的探索**：CSST的观测能力特别适用于探测暗物质在小尺度上的分布信息，这对于区分不同类型的暗物质模型（如冷暗物质模型和温暗物质模型）非常重要。通过对小尺度暗物质结构丰度的研究，可以有效地区分暗物质是冷暗物质（如弱相互作用大质量粒子WIMP）还是温暗物质（如惰性中微子）。

综上所述，CSST巡天与Planck卫星在暗物质分布的限制上存在差异，主要体现在统计误差的降低、系统误差的控制以及对暗物质性质的深入探索能力上。这些差异不仅提高了对暗物质分布的理解，也为未来宇宙学研究提供了重要线索。"
165,剪切三点相关函数包含了哪些关于暗物质的信息？,剪切三点相关函数包涵了投影的暗物质的bispectrum的信息，可以用来研究暗物质分布的非高斯性。,剪切三点相关函数包含了**投影的暗物质的bispectrum的信息**，可以用来研究暗物质分布的非高斯性^[1]^。,"剪切三点相关函数是一种数学工具，它用于计算两个或多个变量之间的关系。在物理学中，剪切三点相关函数可以用来描述暗物质与普通物质之间的相互作用。

暗物质是宇宙中的一种未知物质形式，它占据了宇宙总质量的约27%。暗物质的存在可以通过其引力效应来间接检测，例如通过观测星系旋转曲线的变化、黑洞周围气体的运动等现象。然而，由于暗物质的质量无法直接测量，因此科学家们一直在寻找能够探测到暗物质存在的方法。

剪切三点相关函数可以帮助我们理解暗物质与其他物质之间的相互作用。通过对暗物质和普通物质进行剪切，我们可以观察它们之间是否存在某种特定的关系，从而帮助科学家们更好地了解暗物质的行为和性质。",0.3,"剪切三点相关函数包含了以下关于暗物质的信息：

1. **投影的暗物质的bispectrum**：三点相关函数包含了投影的暗物质分布的三阶统计信息，即bispectrum。这提供了暗物质分布的非高斯性描述，有助于理解暗物质聚集体的复杂结构特征。

2. **暗物质分布的非高斯性**：通过对暗物质分布的bispectrum的研究，可以揭示暗物质分布是否存在非高斯特性，这对于理解暗物质的基本属性、动力学过程以及宇宙早期扰动的性质至关重要。

3. **宇宙模型参数的限制**：结合宇宙剪切的两点相关和三点相关分析，可以显著提高对宇宙模型参数（如Ωm和σ8）的限制精度。相比于仅使用两点相关，引入三点相关能够提供更多关于宇宙结构形成和演化的重要信息，从而增强对宇宙学模型的理解和验证能力。

4. **暗物质粒子性质的探索**：通过分析剪切三点相关函数，可以探究暗物质粒子的性质，包括但不限于暗物质是否是“冷”的、暗物质粒子是否具有自相互作用等问题。具体而言，CSST项目通过探测大量强引力透镜系统，可以有效区分不同类型的暗物质模型，比如冷暗物质模型和温暗物质模型。

综上所述，剪切三点相关函数不仅提供了暗物质分布的详细信息，还为深入理解暗物质的物理性质和宇宙学模型提供了强有力的工具。"
166,如何克服模型依赖性，更精确地确定暗晕质量函数？,Dong et al. (2019) 提出了一种新的暗晕质量函数测量方法，通过某个与暗晕质量成正相关的观测量来对暗晕进行排序，并通过叠加的背景弱引力透镜信号测量一定排序区间内暗晕的平均质量，以克服模型依赖性。,"为了克服模型依赖性，更精确地确定暗晕质量函数，可以通过以下步骤：

1. **建立与暗晕质量成正比的观测量**：这种观测量可以是与暗晕质量直接相关的物理量，或者是通过数值模拟和观测效应修正后得到的与暗晕质量相关的量^[1]^。
2. **利用背景弱引力透镜信号**：通过测量一定排序区间内暗晕的平均质量，可以消除模型依赖性的影响，得到更精确的暗晕质量函数^[1]^。
3. **结合适当的星系团/星系群的搜索方法**：利用CSST的巡天数据，结合适当的星系团/星系群的搜索方法，可以对暗晕质量函数进行多角度多方法的测量，互相检验，并限制宇宙学模型^[1]^。","暗晕质量函数（MHD）是一个复杂的数学概念，它涉及到许多参数和变量。为了克服模型依赖性并更准确地确定MHD，可以采取以下几种方法：

1. 使用更多的数据：收集更多关于暗晕质量函数的数据点可以帮助我们更好地理解其行为。

2. 采用机器学习技术：使用机器学习算法来训练模型以预测MHD。这可以通过使用回归分析、决策树或神经网络等技术实现。

3. 调整模型参数：通过调整模型中的参数，我们可以改变模型的行为，从而提高其准确性。

4. 使用不同的计算方法：尝试使用不同的计算方法来估计MHD，例如使用积分法或者数值模拟。

5. 分析历史数据：研究过去的研究结果，看看它们如何影响了MHD的质量函数。

6. 进行实验：进行实验，观察不同条件下的MHD，并记录下这些变化。

7. 寻求专家意见：向经验丰富的物理学家寻求建议，他们可能会提供一些有用的见解。

8. 利用计算机辅助软件：利用计算机辅助软件，如MATLAB或Python，可以更容易地处理大量数据，并且可以更快地运行复杂的计算任务。

9. 增加模型复杂度：增加模型的复杂度，使其能够更好地捕捉MHD的变化规律。

10. 使用正则化技术：在训练过程中加入正则化项，以防止过拟合，从而提高模型的泛化能力。",0.3,为了克服模型依赖性并更精确地确定暗晕质量函数，研究人员提出了一种创新的方法。这一方法的核心思想是通过某种与暗晕质量成正比的可观测量对暗晕进行排序，然后利用叠加的背景弱引力透镜信号测量特定排序区间内暗晕的平均质量。这种方法避免了直接依赖于数值模拟和复杂的观测效应，减少了模型假设所带来的不确定性。通过这种方式，可以从观测数据中直接推断出暗晕的质量分布，进而更加准确地确定暗晕质量函数。
167,什么是中微子振荡现象，它为什么显示中微子有质量？,中微子振荡现象显示中微子从一个味道态转变为另一个味道态，这需要中微子具有非零的质量。,中微子振荡现象是指中微子在传播过程中，从一种类型自发地转变为另一种类型，这种现象的发生与中微子的质量有关。中微子振荡实验的结果显示中微子有质量，是因为实验观测到了中微子在不同类型之间的自发转变，这种转变需要中微子具有非零的质量，才能实现不同能量状态下的量子叠加和干涉^[1]^。,"中微子振荡现象是指在中微子之间发生的相互作用。这种相互作用导致了中微子之间的能量转移和位置移动。然而，由于中微子的质量非常小，它们的运动速度也非常快，因此很难直接观察到它们的振动。

然而，科学家们通过实验观测到了中微子振荡的现象，并且发现这些振荡是由于中微子与其他物质发生相互作用而产生的。这是因为中微子具有一定的动量，当它们与物质相互作用时，就会产生一个向后传播的波，这就是所谓的“中微子振荡”。

此外，科学家们还发现，中微子的质量可以通过中微子振荡来测量。这是因为中微子振荡会导致中微子的能量发生变化，从而可以间接地推断出中微子的质量。因此，中微子振荡现象显示了中微子确实具有质量。",0.4,中微子振荡现象是指中微子在一种类型转换为另一种类型的量子过程。这个现象首次在1998年的实验中被证实，表明中微子并非像原先认为的那样静止无质量。中微子振荡的存在证明了中微子具有质量，因为只有拥有质量的粒子才能在不同的状态下振动或转变。这一发现对粒子物理学的标准模型提出了挑战，并且对理解宇宙的基本力量和结构提供了新的视角。中微子质量的存在还影响着宇宙早期的热力学平衡和宇宙大尺度结构的形成。
168,为什么利用宇宙大爆炸遗留下来的中微子能够研究中微子性质？,宇宙大爆炸中产生的中微子通过引力相互作用与宇宙中其他物质相互作用，从而影响宇宙学中各种观测量。通过精确测量这些观测量，我们得以限制中微子的相关性质。,"利用宇宙大爆炸遗留下来的中微子能够研究中微子性质，主要是因为这些中微子在退耦后通过引力相互作用和宇宙中其他物质进行相互作用，从而影响宇宙学中各种观测量。通过精确测量这些观测量，我们可以限制中微子的相关性质，如质量和有效代数等^[2]^。

同时，中微子有效代数的改变主要影响B声波峰的位置以及小尺度功率谱的压低，但是这些效应与其他宇宙学参数有简并。而CSST巡天所得到的大尺度结构的观测结果可以有效地破除这些简并，从而得到对于中微子有效代数更好的限制^[2]^。",利用宇宙大爆炸遗留下来的中微子进行研究是因为它们是宇宙中最稀有的粒子之一。由于它们在宇宙中的分布非常均匀，因此可以用来研究中微子的性质和行为。此外，中微子的特性也与宇宙学有关，例如它们可能对宇宙的结构形成有影响。,0.6,"利用宇宙大爆炸遗留下来的中微子进行研究的原因在于，这些中微子在宇宙形成初期即产生，并且在随后的宇宙演化过程中，通过与宇宙中其他物质的相互作用，留下了独特的信号。这些信号包括：

1. **中微子质量**：中微子的质量会影响它们在宇宙早期的传播速度和路径，进而影响宇宙微波背景辐射（CMB）的特征。通过分析CMB的声波峰位置和其他宇宙学观测结果，科学家们可以间接推断出中微子的质量大小。

2. **中微子有效代数**：中微子的有效代数是指中微子在宇宙早期与物质相互作用的程度。这种相互作用会改变CMB的声波峰的位置以及小尺度功率谱的特性。通过对这些变化的测量，可以研究中微子有效代数的变化情况。

3. **中微子等级问题**：中微子质量的等级问题涉及到中微子质量顺序的不确定性，即正常层次、倒置层次或接近退化的层次。通过宇宙学观测，可以进一步缩小这个不确定性的范围。

4. **宇宙学观测的优势**：地面粒子物理实验难以达到的精度可以通过宇宙学观测实现。例如，利用斯隆三期的重子声波振荡光谱巡天观测可以给出中微子质量的上限，而从Planck卫星观测则提供了更严格的中微子质量限制。

综上所述，利用宇宙大爆炸遗留下来的中微子进行研究，不仅能够间接获取中微子的基本属性，还能帮助解决一些粒子物理和宇宙学领域的基础问题，如中微子质量、有效代数及其等级问题。"
169,修改引力理论为何需要依赖“屏蔽机制”？,修改引力理论需要依赖一个特别的“屏蔽机制”（Screening Mechanism），这是因为在高密度或高引力势的区域，为了完全恢复广义相对论，需要有一种机制来屏蔽或减弱修改引力理论引入的额外效应。,"修改引力理论需要依赖“屏蔽机制”的原因如下：

* 广义相对论在太阳系内部的一系列实验（比如卡西尼卫星和月球激光测距实验）和中子星的观测中，表现出严格适用性。因此，任何修改引力理论都必须依赖一个特别的“屏蔽机制”（Screening Mechanism），在高密度或高引力势的区域完全恢复广义相对流行的修改引力模型的屏蔽机制可大致分为两类：第一类是基于标量场强弱的薄层屏蔽（Thin-shell Screening）机制，比如变色龙（Chameleon）机制、对称S子y（mmetron）机制、和延迟D子il（aton）机制；第二类是基于标量场的一阶或二阶导数的运动学屏蔽（Kinetic Screening）机制，比如维恩斯坦（Vainshtein）机制和K伪装（K-mouflage）机制。这两大类屏蔽机制对宇宙结构增长的红移和尺度依赖性将有不同的预言，通过结合基于不同修改引力理论的宇宙学数值模拟，CSST巡天可以对修改引力理论模型的种类和参数进行高精度限制^[1]^。","引力理论是物理学中一个重要的概念，它描述了物体之间的相互作用。在引力理论中，“屏蔽机制”是指一种物理现象，即当两个物体之间存在相对运动时，它们之间的引力会被另一个物体所阻挡，从而使得这两个物体之间的引力减小。

这个原理可以用来解释为什么引力理论需要依赖“屏蔽机制”。例如，在地球周围，由于地球对月球的引力，月球绕着地球旋转。在这个过程中，地球对月球的引力被地球本身所阻挡，因此月球绕地球的轨道变得不规则，最终导致月球围绕地球公转。这就是引力理论中的“屏蔽机制”的应用。",0.0,修改引力理论需要依赖“屏蔽机制”的原因是，这些理论试图在某些特定环境下修正或替代广义相对论的部分预测，特别是在高密度或高引力势的区域。在这些极端环境中，修改引力理论可能会与实验证据相冲突，因为它们可能导致与广义相对论不一致的结果。为了解决这一矛盾，“屏蔽机制”提供了一种方式，使得在这些特定区域内，修改引力理论的行为能够与广义相对论保持一致，从而避免了与实验数据的直接冲突。简而言之，屏蔽机制确保了修改引力理论在普通条件下的行为符合广义相对论，而在特殊条件下才表现出差异化的特性。
170,流行的修改引力模型的屏蔽机制可以分为哪两大类？,流行的修改引力模型的屏蔽机制可大致分为两类：第一类是基于标量场强弱的薄层屏蔽（Thin-shell Screening）机制，第二类是基于标量场的一阶或二阶导数的运动学屏蔽（Kinetic Screening）机制。,"流行的修改引力模型的屏蔽机制可以大致分为**两类**：

* 第一类是基于标量场强弱的薄层屏蔽（Thin-shell Screening）机制，比如变色龙（Chameleon）机制、对称S子y（mmetron）机制、和延迟D子il（aton）机制。
* 第二类是基于标量场的一阶或二阶导数的运动学屏蔽（Kinetic Screening）机制，比如维恩斯坦（Vainshtein）机制和K伪装（K-mouflage）机制^[1]^。",流行的修改引力模型的屏蔽机制可以分为两大类：一类是基于物理原理的屏蔽机制，另一类是基于数学理论的屏蔽机制。物理原理的屏蔽机制主要是通过改变物体的质量分布来实现的，而数学理论的屏蔽机制则是通过引入新的变量和方程来实现的。,0.3,"流行的修改引力模型的屏蔽机制可以分为两大类：

1. **基于标量场强度的薄层屏蔽（Thin shell Screening）机制**，如变色龙（Chameleon）机制、对称子（Symmetron）机制、和延迟子（Dilaton）机制。

2. **基于标量场的一阶或二阶导数的运动学屏蔽（Kinetic Screening）机制**，如维恩斯坦（Vainshtein）机制和K伪装（K camouflage）机制。"
171,Thin-shell Screening机制包括哪些具体类型？,Thin-shell Screening机制包括变色龙（Chameleon）机制、对称子（Symmetron）机制和延迟子（Dilaton）机制等具体类型。,Thin-shell Screening机制包括**变色龙（Chameleon）机制、对称S子y（mmetron）机制、和延迟D子il（aton）机制**^[1]^。,"以下是一些常见的薄壳屏风类型：

1. 玻璃屏风：使用玻璃作为主要材料制成的屏风。

2. 金属屏风：使用金属板或其他金属材料制成的屏风。

3. 塑料屏风：使用塑料或聚碳酸酯等材料制成的屏风。

4. 橡胶屏风：使用橡胶或其他弹性材料制成的屏风。

5. 木材屏风：使用木头或其他木材制成的屏风。

6. 石材屏风：使用石材或其他天然石材制成的屏风。",0.0,"Thin-shell Screening机制主要包括以下几种具体类型：

1. **变色龙（Chameleon）机制**：这是一种基于标量场强度的屏蔽机制，它允许物质在不同环境中展现出不同的相互作用强度，以此达到屏蔽效果。

2. **对称子（Symmetron）机制**：同样是一种基于标量场强度的屏蔽机制，通过对称性原理调整标量场的相互作用，实现对引力效应的屏蔽。

3. **延迟子（Dilaton）机制**：这种机制涉及一种特殊的标量场，其变化速度决定了引力效应是否会被屏蔽，从而在高密度或高引力势的区域恢复广义相对论。

这些机制都是为了在保持宏观上符合广义相对论的前提下，局部地调整引力行为，以适应修改引力理论的需求。"
172,Kinetic Screening机制基于标量场的什么属性？,Kinetic Screening机制是基于标量场的一阶或二阶导数的属性来工作的。,"**Kinetic Screening机制基于标量场的一阶或二阶导数的运动学属性**^[1]^。

Kinetic Screening机制是一种屏蔽机制，它基于标量场的一阶或二阶导数的运动学属性，可以大致分为两类：第一类是基于标量场强弱的薄层屏蔽（Thin-shell Screening）机制，比如变色龙（Chameleon）机制、对称S子y（mmetron）机制、和延迟D子il（aton）机制；第二类是基于标量场的一阶或二阶导数的运动学屏蔽（Kinetic Screening）机制，比如维恩斯坦（Vainshtein）机制和K伪装（K-mouflage）机制。这两大类屏蔽机制对宇宙结构增长的红移和尺度依赖性将有不同的预言，通过结合基于不同修改引力理论的宇宙学数值模拟，CSST巡天可以对修改引力理论模型的种类和参数进行高精度限制^[1]^。",Kinetic Screening机制基于标量场的物理性质。,0.6,Kinetic Screening机制基于标量场的一阶或二阶导数的属性。
173,f(R)和f(T)模型分别基于哪种机制？,f(R)和f(T)模型都是基于变色龙（Chameleon）机制的修改引力模型，分别通过改变爱因斯坦-希尔伯特作用量中的里奇标量和挠率标量来构建。,"f(R)和f(T)模型分别基于**变色龙机制**和**维恩斯坦机制**^[1]^。

f(R)理论是在Einstein-Hilbert作用量上的推广，将作用量从里奇标量推广为里奇标量的任意函数。对于和广义相对论等价的平移引力理论，也有类似将挠率标量推广为挠率标量任意函数的f(T)理论。f(T)模型可以被参数化的有效场论描述，其作用量可以表示为：3-ovel.(t)R-a(t)-b(t)g00+d(t)T0+S(2)^。",f(R)模型基于热力学第二定律，而f(T)模型则基于熵的概念。,0.0,f(R)模型基于变色龙机制，而f(T)模型则是基于维恩斯坦机制。
174,EFT在描述f(T)理论中的作用是什么？,在f(T)理论中，有效的场论（Effective Field Theory，EFT）用于描述理论的动力学和预言，可以表达为背景的演化部分和扰动的作用量，通过其中的参数来研究宇宙的结构增长和与广义相对论+暗能量（GR+DE）模型的偏差。,EFT在描述f(T)理论中的作用是**提供了一套有效的参数化描述方法**。具体来说，EFT的作用量可以表示为：3-ovel.(t)R-a(t)-b(t)g00+d(t)T0+S(2)^，其中第一项整体是描述背景的演化部分，S(N)表示扰动的作用量，其中参数Ω(t)，Λ(t)，b(t)，d(t)是时间的函数，在不同的具体引力理论中，参数具体的表达式也不同。有效的暗能量能量密度与压强可以表达为：p=b+A-3MH中+2+H2(Ψ-1)p=b-A+M+2H中++(H2-2H)(4-1)^。通过EFT的途径，可以利用观测数据限制有效参数的取值，从而方便的对f(T)以及其他基于挠率的修改引力模型进行有效的限制^[1]^。,"在描述费曼图论（Feynman diagrams）的理论中，EFT（Effective Field Theory）扮演着重要的角色。EFT是一种简化了的量子场论模型，它通过引入额外的自由度来简化复杂的量子系统，并且可以用来研究复杂系统的性质。

在Feynman diagrams中，EFT被用于描述粒子间的相互作用和它们之间的路径积分。这些路径积分是通过将费曼图转换为矩阵形式来进行计算的，而这个过程需要使用到EFT的概念。

因此，在描述Feynman diagrams的理论中，EFT的作用是提供了一种简化的方法来处理复杂的量子系统，并且可以帮助我们更好地理解粒子间相互作用的本质。",0.0,"EFT（Effective Field Theory）在描述f(T)理论中的作用是提供了一个参数化框架，允许我们用有限数量的参数来近似描述复杂的物理现象。在这个上下文中，EFT帮助我们构建一个作用量公式：

\[ S = \int d^4x\sqrt{-g}\left[\frac{M_N}{2}f(T)\right] - \Lambda(t) - b(t)g_{\mu\nu} + \mathcal{L}_{\text{perturbations}} \]

这里的\(f(T)\)代表了挠率标量的任意函数，而\(T\)是曲率张量的迹。参数\(\Omega(t)\), \(\Lambda(t)\), \(b(t)\), 和\(d(t)\)都是时间的函数，并且它们的具体表达式取决于特定的引力理论。通过这个框架，我们可以利用观测数据来限制这些有效参数的取值，进而有效地约束f(T)以及其他基于挠率的修改引力模型。这使得EFT成为研究和测试修改引力理论的重要工具之一。"
175,f(T)理论中的哪些参数是时间的函数？,在f(T)理论中，参数Ω(t)，Λ(t)，b(t)，d(t)是时间的函数，这些参数在不同的具体引力理论中，具体的表达式也不同。,"在f(T)理论中，以下参数是时间的函数：

1. **Ω(t)**：描述背景的演化部分，是时间的函数。
2. **Λ(t)**：描述背景的演化部分，是时间的函数。
3. **b(t)**：描述背景演化部分的参数，是时间的函数。
4. **d(t)**：描述扰动作用量的参数，是时间的函数。^[1]^","在F(t)理论中，以下参数是时间t的函数：

1. F(t)：表示系统响应随时间变化的函数。它通常与输入信号和系统的初始条件有关。

2. Kp：比例系数，用于控制输出信号的大小。

3. Ki：积分系数，用于控制输出信号的变化速度。

4. D：微分系数，用于控制输出信号的变化率。

5. R：阻尼系数，用于控制输出信号的衰减速率。

6. C：惯性常数，用于控制输出信号的衰减速率。

7. G：放大系数，用于控制输出信号的强度。

8. B：反馈系数，用于控制输出信号的衰减速率。

9. A：增益，用于控制输出信号的强度。

这些参数都是时间t的函数，因为它们都涉及到系统的动态特性，即系统的响应随时间的变化情况。",0.0,在f(T)理论中，参数Ω(t)，Λ(t)，b(t)，d(t)是时间的函数。
176,CSST相对于其他空间望远镜有何优势？,CSST相对于其他空间望远镜的优势在于其高分辨率、高质量稳定成像，能够探测到红移1.5以内约300000个质量大于1014个太阳质量的星系团，提供了大面积多波段测光观测，对于检验宇宙加速膨胀理论和区别暗能量与修改引力是极其灵敏的探针。,"CSST相对于其他空间望远镜的优势主要体现在以下几个方面：

1. **高分辨率与高质量稳定成像**：CSST的成像分辨率高，像质好，能够有效降低系统误差带来的影响，提高观测的精度^[1]^。
2. **大面积深度多色成像观测**：CSST的巡天面积达到17500平方度，基本覆盖全天区域，且巡天深度超过25等，每平方度的天体将达到1000的量级，大大加密了天文参考架^[2]^。
3. **红外观测特色**：CSST具有极具特色的红外观测能力，波段覆盖范围比LSST更广，这将有助于开展一系列天体物理的研究^[2]^。
4. **高精度天体测量**：CSST在天体测量方面拥有独特的优势，适合开展红外参考架方面的研究，其观测精度在亮端和暗端都表现出色^[2]^。","CSST（中国天眼）相对于其他空间望远镜的优势主要体现在以下几个方面：

1. 大口径：CSST拥有世界上最大的单口径射电望远镜，其直径达到500米，是目前世界上最大的射电望远镜。

2. 高灵敏度：CSST采用了先进的技术，能够捕捉到更弱的信号，从而提高观测的精度和分辨率。

3. 低噪声：CSST采用了一系列的技术措施来降低噪声，使得它在观测时可以更加稳定地工作。

4. 长寿命：CSST的设计考虑到了长期运行的需求，因此具有较长的使用寿命。

5. 独特的选址：CSST位于贵州省黔南布依族苗族自治州平塘县大窝凼洼地，这里地形独特，有利于减少外界干扰。",0.2,根据已知信息无法回答该问题。提供的文本没有明确指出CSST相对于其他空间望远镜的具体优势。
177,CSST如何通过弱引力透镜峰值统计限制引力？,CSST通过弱引力透镜峰值统计限制引力，这种方法使用宇宙剪切中的较强信号来限制引力理论。CSST的巡天面积和深度将大大增加峰值数目，有望高精度限制修改引力理论。,"CSST通过弱引力透镜峰值统计限制引力的方法如下：

* **利用CSST的高分辨率与高质量稳定成像** 。CSST的空间观测能够有效降低系统误差带来的影响，提高观测的精度^[1]^。
* **结合Planck先验** 。通过对弱引力透镜峰值统计的理论预言和ΛCDM的差别，结合Planck先验，得到的限制为|fR0|<5×10-5^[2]^。
* **增加峰值数目** 。CSST巡天面积将百倍于CFHTLenS，巡天深度也将增加，峰值数目大大增加，有望高精度限制修改引力理论^[2]^。",由于引力透镜效应是基于光线在不同介质中的弯曲来工作的，因此它可以通过弱引力透镜峰值统计来限制引力。具体来说，如果一个物体被强引力场包围，那么它的光线将发生弯曲，从而产生引力透镜效应。然而，在弱引力场中，这种情况不会发生，因此可以使用引力透镜峰值统计来限制引力。,0.5,"CSST（China Space Station Telescope）通过弱引力透镜效应进行峰值统计以限制引力理论。具体步骤如下：

1. **巡天面积与深度**：CSST的巡天面积将是CFHTLenS的100倍，并且巡天深度也会增加，这导致获得的峰值数量大幅增加，从而有可能实现对修改引力理论的高精度限制。

2. **峰值统计**：CSST利用其强大的观测能力收集大量弱引力透镜事件的数据。通过对这些事件的统计分析，可以获得关于宇宙中物质分布的信息，进而推断出引力理论的参数。

3. **理论预言与比较**：CSST的观测结果与不同的引力理论预测进行比较。例如，对于$f(R)$理论，CSST的限制为$|f_R0| < 5 \times 10^{-5}$。这里的$f_R0$代表$f(R)$理论中特定参数的初始值。

4. **预期限制**：随着CSST巡天面积的扩大和巡天深度的加深，预期可以对修改引力理论的参数进行更高精度的限制，甚至达到$10^{-6}$的数量级。

5. **结合其他技术**：除了弱引力透镜外，CSST还计划结合无缝光谱和其他辅助光谱巡天测量的红移空间畸变效应，通过构建特定的统计量（如Zhang et al. (2007)提出的EG统计量）来检验引力理论。这种方法可以减少由星系偏袒和暗物质聚集体幅度$s_8$带来的不确定性。

6. **EG统计量**：EG统计量测量的是星系-星系透镜交叉功率谱和星系-速度交叉功率谱的比例，这种统计方法不依赖于星系偏袒因子和暗物质聚集体幅度的不确定性。

综上所述，CSST通过其独特的观测能力和先进的数据分析技术，能够在极高的精度上限制修改引力理论的参数，特别是在弱引力透镜峰值统计的应用方面展现出巨大的潜力。"
178,CSST巡天预期可以探测到多少质量的星系团？,CSST巡天预期可以探测到红移1.5以内约300000个质量大于1014个太阳质量的星系团，是目前最大的光学星系团样本的2.3倍。,CSST巡天预期可以探测到**1014**质量的星系团^[1]^。,CSST巡天计划的目标是通过观测宇宙中的星系团来研究暗物质和暗能量。目前没有公开的信息表明CSST巡天计划能够直接探测到星系团的质量。然而，如果未来有新的技术或设备出现，可能会对这个目标产生影响。因此，我们无法给出一个确切的答案。,0.0,"根据已知信息，CSST巡天预期可以探测到的质量大于10^14个太阳质量的星系团数量大约为30万（具体为""约300000个""）。"
179,星系团弱引力透镜轮廓如何测量“回溅半径”？,星系团弱引力透镜轮廓可以在百分之一的精度上测量星系团暗晕的“回溅半径”（Splashback Radius）。这个特征半径在修改引力理论和广义相对论下的预言会有所偏离，因此可以被CSST的观测严格限制。,"**星系团弱引力透镜轮廓可以在百分之一的精度上测量星系团暗晕的“回溅半径”**^[1]^。

回溅半径是暗晕的一个特征半径，Adhikari et
al.2018发现修改引力理论预言的此特征半径与GR+DE的预言会呈现百分之几左右的偏离，因此有望被CSST的观测严格限制^[1]^。","星系团弱引力透镜轮廓的“回溅半径”可以通过以下步骤来测量：

1. 选择一个合适的观测窗口：在星系团中，通常会选择一个距离中心较远的区域作为观测窗口。

2. 使用高精度望远镜进行观测：通过使用高精度的望远镜，可以精确地捕捉到星系团中的光线，并且能够准确地确定其位置和形状。

3. 计算“回溅半径”：通过对观测数据进行分析，可以计算出星系团的“回溅半径”。这个值越小，表明星系团的引力透镜效应越明显。

4. 比较不同观测结果：将不同的观测结果与理论模型进行比较，以验证观测结果的准确性。如果观测结果与理论模型吻合，则说明观测方法是正确的。

5. 分析影响因素：对观测结果的影响因素进行分析，例如大气散射、星系团内部结构等，以提高观测结果的可靠性。

6. 提供给用户：最后，将观测结果提供给用户，以便他们了解星系团的引力透镜效应。",0.5,"星系团弱引力透镜轮廓可以通过测量星系团暗晕的“回溅半径”来获取有关星系团内部动态的信息。具体而言，“回溅半径”是指在星系团中心附近，当暗物质晕中的物质达到最大密度后，由于引力作用，物质再次向外运动形成的边界距离。通过精确测量这个半径，科学家可以了解暗物质晕的结构特性，包括其质量和分布情况。

在实际操作中，这通常需要大量的星系团观测数据，以确保有足够的统计精度。比如，多功能光学设施多色成像主巡天项目就计划通过其大规模的观测能力，探测到更多数量的星系团，进而提高测量“回溅半径”的精度。这种测量不仅有助于验证广义相对论的预测，还能帮助我们更好地理解暗物质的性质和宇宙结构的形成过程。"
180,星系团的内流动力学方法是用来做什么的？,星系团的内流动力学（Galaxy Infall Kinematics; GIK）方法用于检验修改引力理论。通过观测星系团-星系的红移空间两维交叉关联函数，可以测量星系向星系团中央掉落的径向速度，进而对不同的修改引力理论模型进行限制。,"星系团的内流动力学方法被用来**检验修改引力理论**^[1]^。

在星系团维里半径之内，屏蔽效应会抑制星系随机速度场中的修改引力效应，但在星系团外围，修改引力理论产生的第五种力会加快星系向星系团中央掉落的径向速度。通过对f(R)和Galileon的宇宙学数值模拟的研究发现：在平均质量是1014的星系团外离星系团中央5Mpc/h的半径处，修改引力下的星系内流速度比GR+DE模型的预言快50-100km/s。此内流速度的差别可以通过观测CSST星系团-星系的红移空间两维交叉关联函数ξcg来进行测量^[1]^。",星系团的内流动力学方法是一种研究星系团内部结构和演化的方法。它利用引力透镜效应、红移测量等手段来观测星系团内的物质分布，并通过分析这些数据来推断出星系团的物理性质，如温度、密度、旋转速度等。这种方法可以帮助我们更好地理解宇宙中的星系团是如何形成的以及它们如何演化。,0.6,星系团的内流动力学（Galaxy Infall Kinematics; GIK）方法主要用于检验修改引力理论。具体来说，这种方法结合了光谱巡天的数据，通过观测星系团周围的星系运动情况，特别是星系向星系团中央掉落的径向速度变化，来检测在星系团外围由修改引力理论产生的第五种力是否会影响星系的运动。例如，在星系团外离星系团中央5 Mpc/h的半径处，修改引力下的星系内流速度可能比标准广义相对论（GR）预测的快50-100 km/s。这种差异可以通过观测CSST星系团-星系的红移空间两维交叉关联函数xcg来进行测量。通过比较观测结果与GR+DE模型的预言，CSST的观测能够更准确地测量星系内流速度曲线随红移的变化，进而对不同的修改引力理论模型进行限制。
181,CSST是什么设备的简称？,CSST是中国空间站光学巡天望远镜（China Space Station Telescope）的简称。,CSST是**中国空间站巡天空间望远镜**的简称^[1]^。,CSST是计算机科学和软件测试工具的简称。,0.0,根据已知信息无法回答该问题。已知信息中提到了“CSST是中国空间站工程巡天望远镜”的简称，但并未提及任何设备的简称。
182,星系形成和演化在天文学中的重要性是什么？,星系形成和演化是现代天文学最核心的内容之一，对理解宇宙结构、星系性质以及它们随时间的演化过程具有重要意义。,星系形成和演化在天文学中的重要性是多方面的。首先，星系是宇宙的基本组成部分，研究星系的形成和演化有助于我们理解宇宙的整体结构和演化历史。其次，星系形成和演化过程中伴随着大量的物理和化学变化，这些变化对理解宇宙的微观尺度上的物理过程具有重要意义。此外，星系形成和演化研究也有助于我们理解宇宙中的恒星形成、行星形成以及生命起源等关键科学问题^[1][2]^。,星系形成和演化是天文学中非常重要的研究领域。它们不仅有助于我们理解宇宙的基本结构和演化过程，而且还可以帮助我们预测未来的星系行为，并为人类提供有关宇宙起源、生命起源以及可能存在的外星文明的信息。此外，通过研究星系的形成和演化，科学家们可以更好地了解宇宙的物理性质，从而为我们探索宇宙的奥秘提供更多的线索。,0.8,"星系形成和演化在天文学中极为重要，主要体现在以下几个方面：

1. **基础研究单位**：星系作为宇宙的基本构建单元，是天文学研究的核心对象。通过对星系的研究，科学家能够深入了解宇宙的结构、组成及其动态演化过程。

2. **星系与黑洞的关系**：近年来，天文学家发现星系中心普遍存在大质量黑洞，并且黑洞的质量与宿主星系的速度弥散之间存在紧密的相关性。这揭示了星系和中心超大质量黑洞之间的共同演化机制，说明了星系和中心黑洞之间的物质和能量交换对星系演化具有关键作用。

3. **宇宙学演化**：星系的形成和演化过程反映了宇宙从早期混沌状态逐渐走向有序的过程。通过研究星系的形成历史、演化路径以及与其他星系或结构的互动，科学家可以更好地理解宇宙的大尺度结构形成和演化。

4. **物理现象的实验室**：星系团合并过程中的暗物质相互作用、星系内部的恒星形成过程等，为研究微观粒子的相互作用提供了自然实验平台。这不仅有助于验证理论预测，还能推动粒子物理学的发展。

5. **宇宙学参数的约束**：星系的物理特性，如恒星形成率、星系形态结构等，与宇宙的整体参数密切相关。通过研究这些特性，科学家可以精确估计宇宙的年龄、膨胀速率等基本参数。

总之，星系形成和演化是天文学研究中最为核心和复杂的问题之一，它不仅关乎宇宙的起源和演化，还涉及多个学科的交叉融合，对深化我们对宇宙的理解具有不可替代的作用。"
183,什么是哈勃序列？,哈勃序列是现代对星系形态分类的构想，将近邻宇宙中的星系按照形态分为椭圆星系、透镜星系和漩涡星系等。,哈勃序列是**美国天文学家哈勃提出的，对宇宙中的星系进行形态分类的一种序列**。他将近邻宇宙中的星系按照形态分为椭圆星系、透镜星系和漩涡星系，即哈勃序列^[1]^。,"哈勃序列是一种用于描述星系形状的分类系统，它基于星系核球的大小和旋臂的紧密程度。这个序列是由哈勃在1926年提出的，用来区分不同的星系类型，包括椭圆星系、透镜星系和漩涡星系。

哈勃序列的起源仍然存在争议，但目前有几种理论试图解释其起源。一种观点认为，哈勃序列可能反映了星系形成的物理过程，例如核球的形成和盘的生长。另一种观点认为，哈勃序列可能是由于星系内部物质运动的结果，例如旋臂的存在和棒的存在。

尽管哈勃序列的起源仍有待进一步研究，但它仍然是星系演化研究的重要工具之一。通过对哈勃序列的研究，科学家们能够更好地理解星系的形成和演化过程。",0.8,"哈勃序列是由天文学家埃德温·哈勃在1926年提出的星系分类体系，用于描述和区分基于外观形态的星系类型。这个序列将星系大致分为三类：

1. **椭圆星系**（Elliptical Galaxies）：这些星系形状较为规则，呈椭圆形或球形，内部恒星密度较高，旋转速度较慢。它们可能包含大量的老恒星，较少有活跃的恒星形成区域。

2. **透镜星系**（Lenticular Galaxies）：介于椭圆星系和螺旋星系之间，外形接近椭圆但边缘更为平滑，有时看起来像是椭圆星系和螺旋星系的过渡形态。它们可能经历了某些形式的合并事件，导致其形态发生变化。

3. **漩涡星系**（Spiral Galaxies）：特征为中央有一个明亮的核心区域，围绕核心有一系列向外延伸的旋臂。旋臂上富含年轻的恒星和活跃的恒星形成区域。漩涡星系是宇宙中最常见的星系类型之一。

哈勃序列不仅反映了星系的外观变化，还与星系的演化阶段、初始条件、宇宙环境等因素有关。星系的形态和结构研究是理解星系形成与演化的关键途径之一。"
184,星系形态和结构研究对理解星系形成与演化的重要性是什么？,星系形态和结构研究是理解星系形成与演化的重要途径之一，星系的形态和结构与其演化阶段和物理性质紧密相关。,"星系形态和结构研究对理解星系形成与演化的重要性如下：

* **星系形态是理解星系演化的关键参数** 。不同的形态对应着不同的演化阶段和物理性质，如椭圆星系、透镜星系和漩涡星系等，它们之间的转化过程反映了星系的演化历程^[1]^。
* **星系结构的研究有助于理解星系的组成和相互作用** 。通过观测和分析星系的结构，可以了解星系的子结构、旋臂、棒状结构等，这些结构特征反映了星系的内部动力学和相互作用情况，有助于理解星系的演化过程^[1]^。
* **大样本高空间分辨率的深场图像是理解哈勃序列起源的关键** 。现有的巡天项目如SDSS和HST虽然提供了大量的星系图像，但分辨率和深度有限，无法提供足够的样本和分辨率来深入研究星系的形态和结构。而CSST的观测将提供具有大样本、高空间分辨率和一定深度的深场图像，这将有助于研究哈勃序列的起源和星系的演化过程^[1]^。","星系形态和结构的研究对于理解星系形成与演化具有重要意义。这是因为：

1. 星系形态和结构的研究可以帮助我们了解星系是如何形成的。例如，通过分析星系的形状、大小、分布等特征，我们可以推断出它们是如何从原始气体云中诞生的。

2. 星系形态和结构的研究也可以帮助我们理解星系的演化过程。例如，通过对星系的旋转曲线的研究，我们可以了解星系如何在宇宙中的运动状态，并且可以预测其未来的演化趋势。

3. 星系形态和结构的研究还可以帮助我们理解星系之间的相互作用。例如，通过分析星系间的引力相互作用，我们可以了解星系如何与其他星系进行碰撞、合并或分裂等。

4. 星系形态和结构的研究还可以帮助我们理解宇宙的起源和演化。例如，通过对星系的观测数据进行分析，我们可以了解宇宙是如何形成的，以及它的发展历程。

5. 星系形态和结构的研究还可以帮助我们理解宇宙的物质分布。例如，通过对星系的观测数据进行分析，我们可以了解宇宙中各种物质（如暗物质）的比例和分布情况。

6. 星系形态和结构的研究还可以帮助我们理解宇宙的物理规律。例如，通过对星系的观测数据进行分析，我们可以了解宇宙中各种物理现象（如重力、电磁场等）的行为和规律。

7. 星系形态和结构的研究还可以帮助我们理解宇宙的未来。例如，通过对星系的观测数据进行分析，我们可以了解宇宙在未来可能发生的事件（如黑洞的吞噬、星系的合并等）。",0.7,"星系形态和结构研究对理解星系形成与演化至关重要，原因如下：

1. **揭示星系内部结构**：星系的形态（如椭圆星系、透镜星系和漩涡星系）反映了其内部结构，包括核心球、盘、棒等组成部分。这些结构的特性（如大小、形状、旋转速度等）直接关联于星系的质量分布、动力学状态、恒星形成速率、超大质量黑洞的状态等多个关键属性。

2. **连接物理属性与星系演化**：星系的形态与其初始条件、演化历史、环境因素（如星系团成员、星际介质状况、宇宙环境等）紧密相连。通过研究星系的形态，科学家可以推断出星系的形成路径、演化模式以及环境对其演化的影响。

3. **验证星系演化模型**：星系形态分布遵循的哈勃序列（Hubble sequence）是众多星系演化模型的基础。通过对星系形态的深入研究，可以测试和改进现有模型，甚至提出新的理论框架来解释星系如何从原始云团演化至今。

4. **理解宇宙历史**：星系形态和结构的变化记录了宇宙从大爆炸以来的演化历程。通过比较不同红移时期的星系形态，科学家可以探究宇宙早期的物理条件、星系形成机制、宇宙结构的形成和发展等重大科学问题。

5. **提供独特视角**：星系的外围区域，如潮汐尾、壳层等，留下了并合事件的痕迹，这些信息对于重建星系的合并历史至关重要。此外，星系的子结构，如团块状结构和星团，不仅丰富了我们对星系内部动态的理解，也为研究恒星形成、星族演化提供了宝贵的数据。

综上所述，星系形态和结构的研究不仅是理解单个星系内在特性的基础，更是探索宇宙大规模结构形成、星系演化规律、以及宇宙早期物理过程的关键手段。"
185,"""Galaxy Zoo""项目的主要目的是什么？","""Galaxy Zoo""项目的主要目的是利用人工对大量星系进行目视形态分类，以便更深入地研究星系的形态和结构。","**Galaxy Zoo""项目的主要目的是对星系形态进行目视分类**^[1]^。

该项目利用人工对斯隆数字巡天中近百万个星系进行了目视形态分类，是国际上星系形态目视分类最为成功的例子^[1]^。",Galaxy Zoo是一个由Lintott等人在2008年发起的项目，旨在利用人工对斯隆数字巡天中的近百万个星系进行目视形态分类。除了目视分类外，一些非参数量化的形态参数也被引入用于定量描述星系形态，例如聚集度C、不对称性A、团簇度S和基尼系数Gini等。然而，由于CSST观测到的海量星系图像无法使用现有的方法进行形态分类，因此开发快速有效的自动形态分类方法和工具变得尤为重要。此外，CSST将利用星系团的内流动力学(GIK)方法来检验修改引力理论，并且在星系团的维里半径之内，屏蔽效应会抑制星系随机速度场中的修改引力效应，在星系团的外围，修改引力理论产生的第五种力会加快星系向星系团中心的落点速度。,0.5,"根据已知信息无法回答该问题。提供的信息中没有关于""Galaxy Zoo""项目的描述或提及该项目的主要目的。"
186,CSST的哪些特点使得它能够研究哈勃序列的起源？,CSST具有大天区、高空间分辨率成像的特点，并且兼备一定深度和大天区覆盖，是研究哈勃序列起源的理想设备。,"CSST的以下特点使得它能够研究哈勃序列的起源：

1. **大样本**：CSST的观测范围广泛，能够获取大量的星系图像，这对于研究哈勃序列的起源至关重要^[1]^。
2. **高空间分辨率**：CSST具有亚角秒级的高空间分辨率，能够详细刻画星系的形态和结构，有助于研究哈勃序列的起源^[1]^。
3. **深度观测**：CSST的观测深度可以达到25平.5星均等，能够探测到遥远的星系，这对于研究高红移星系的形态和演化具有重要意义^[1]^。
4. **机器学习方法**：可以利用机器学习方法对CSST观测到的海量星系图像进行自动形态分类，这有助于研究星系的形态分布和哈勃序列的起源^[2]^。","CSST（Cosmic Spectral Slicer）是一种用于研究宇宙中不同波长光谱数据的方法。CSST的特点包括：

1. 高精度：CSST使用高精度的观测数据来分析和解释宇宙中的光谱数据。

2. 多维性：CSST可以处理多种类型的光谱数据，并且可以同时分析多个维度的数据。

3. 可扩展性：CSST可以轻松地添加新的观测数据或改进现有的模型，以适应新的观测结果。

4. 灵活性：CSST可以根据需要调整其参数设置，以更好地模拟观测结果。

5. 通用性：CSST适用于各种类型的观测数据，包括X射线、紫外线、红外线等。

6. 实时性：CSST可以在实时条件下运行，以便快速响应观测结果的变化。",0.0,"中国空间站工程巡天望远镜（CSST）具备以下关键特点，使其适合用于研究哈勃序列的起源：

- **大视场**：CSST拥有广阔的观测视野，能够覆盖大量天区，有助于收集广泛的数据样本。
- **高空间分辨率**：与哈勃空间望远镜相媲美的亚角秒级分辨率，使CSST能够在细节上捕捉到星系的细微特征。
- **宽波段观测能力**：CSST能够在多个波段进行观测，提供了丰富的光谱信息，这对于理解星系的物理属性至关重要。
- **高探测灵敏度**：CSST的探测灵敏度较高，能够检测到较暗淡的对象，扩大了研究对象的范围。
- **大样本量**：CSST的主巡天面积达到17500平方度，能够收集大量的星系数据，为统计分析提供基础。

综上所述，CSST的这些特点共同提升了其在星系形态和结构研究方面的效能，特别是对于大规模、高精度的星系观测，从而有助于揭示哈勃序列起源的秘密。"
187,星系并合对星系演化有何影响？,星系并合是星系演化的重要环节，通过促进气体耗散、星暴活动、黑洞生长等物理过程，对星系形态和结构产生显著影响。,星系并合对星系演化的影响有：**促进气体耗散，星暴活动，黑洞生长，结构组装和形态演变**。这些相互作用会在星系外围留下可观测的低面亮度结构，比如潮汐尾，壳层或其它子结构。利用大样本、高空间分辨率的星系图像，研究星系形态中保留的并合信号，可以获知星系并合的历史^[2]^。,"星系合并是宇宙中一种重要的物理过程，它对星系的演化有着深远的影响。星系合并可以产生新的恒星、气体和尘埃，并且可以改变星系的形态和结构。

1. 新生恒星：在星系合并过程中，新生成的恒星数量通常比原星系中的恒星多得多。这些新生恒星可能会形成新的星系或与原星系合并，从而进一步影响整个宇宙的结构。

2. 气体和尘埃：星系合并也会导致大量的气体和尘埃被释放到周围的环境中。这些物质可能被吸收或者重新聚集到其他星系中，从而影响它们的演化。

3. 形态和结构的变化：星系合并还可以改变星系的形态和结构。例如，一些合并后的星系可能会形成一个更大的星系，而另一些则可能会分裂成多个较小的星系。

4. 重力作用：星系合并还会影响星系之间的引力相互作用。当两个星系合并时，它们之间的引力将变得更强，这可能导致更多的物质被吸引到一起，从而进一步影响星系的演化。

总的来说，星系合并是一个复杂的过程，它对星系的演化有着深远的影响。通过研究星系合并，科学家们能够更好地理解宇宙的演化历史和未来的发展趋势。",0.7,"星系并合对星系演化有着深远的影响。当两个星系相互碰撞合并时，这一过程不仅改变了星系的质量和结构，而且对星系内的恒星形成、星族演化、以及整个星系的动态平衡产生重大影响。具体来说：

1. **恒星形成**：并合事件往往激发星系内部的恒星形成活动。这是因为并合过程中释放的能量和物质流动可以触发气体云的压缩，从而引发更多的恒星形成。

2. **并合率**：为了更好地理解星系尺度演化，科学家需要精确测定不同类型星系的并合率。并合率的高低反映了星系间相互作用的频繁程度，这对评估星系演化路径至关重要。

3. **空间解析恒星形成**：并合事件对星系的空间结构和恒星形成分布有直接影响。通过对不同区域的精细解析，可以量化并合如何改变星系的恒星形成效率和模式。

4. **质量面密度分布**：并合事件会影响星系的质量面密度分布，这关系到星系内部的引力平衡和稳定性。理解这种变化对于预测星系未来的演化趋势非常重要。

5. **核球的形成与演化**：星系并合不仅是形成核球的一种途径，也是影响核球结构的关键因素。核球的存在对星系结构的形成、终止恒星形成活动起着关键作用，并且其形成机制与星系的演化历史密切相关。

6. **恒星晕的形成**：大质量星系通过一系列次并合事件能够在星系外围形成一个延展的恒星成分——恒星晕。恒星晕的质量占比与星系的历史并合事件紧密相关。

综上所述，星系并合是一个复杂的过程，它不仅塑造了星系的当前状态，还在很大程度上决定了星系未来的发展方向。因此，深入研究并合对星系演化的影响，对于构建完整的星系演化理论框架至关重要。"
188,星系中的团块状结构在高红移星系中有什么特殊意义？,高红移星系中的团块状结构是研究高红移星系演化过程的关键一环，对理解星系形态和结构随时间的演化具有重要意义。,星系中的团块状结构在高红移星系中有特殊的意义。这些结构是星系演化过程中的关键一环，提供了理解高红移星系演化过程的重要线索。通过CSST高空间分辨率的成像，可以研究星系的子结构，如团块状结构和星团，以获取更多关于星系演化的信息^[1]^。,在高红移星系中，团块状结构通常被称为“超大质量黑洞”。这些结构是由超大质量黑洞周围的物质形成的，并且它们的存在表明了宇宙早期的极端条件。此外，团块状结构也可以作为研究宇宙早期历史和演化的重要工具。,0.4,星系中的团块状结构在高红移星系中具有特殊的意义，主要是因为它们揭示了高红移宇宙中星系形成和演化的独特特点。相较于本地宇宙中规则的星系形态，高红移星系中的团块状结构显示出了不规则性和复杂性。这一现象可能反映了高红移时期星系形成过程中更为动态和剧烈的过程，包括频繁的星系并合事件、强烈的恒星形成活动以及复杂的气体动力学行为。通过对这些团块状结构的深入研究，科学家们可以更好地理解高红移星系如何从原始云团演化而来，并最终形成今天我们看到的各种类型星系的基础结构。此外，这些结构的存在也为探索宇宙早期的物理条件、星系形成机制以及宇宙学原理提供了宝贵的线索。
189,星系中的球状星团是什么？,球状星团是一个致密的引力束缚系统，主要由相近年龄和金属丰度的恒星组成，是近邻宇宙中可用于研究早期宇宙的独特探针。,"**星系中的球状星团是一种致密的引力束缚系统，一般由大量的恒星组成，具有等距离、等年龄和等化学组成的特性**^[2]^。

球状星团是银河系中最古老的""化石""恒星系统，在银河系形成和演化的研究中扮演着重要的角色。星团成员星由于被认为具有等距离、等年龄和等化学组成的""单星族性""，一直被当作检验恒星结构与演化理论的天然实验室。然而，自上世纪80年代以来，在银河系球状星团中发现的星团中的氦丰度不均匀，轻元素（碳氮氧钠镁铝等）丰度不均匀，甚至铁族元素丰度不均匀等现象，强烈挑战了星团中恒星具有等化学组成这一特性，进而也使得星团中恒星具有等年龄这一论断存疑^[2]^。","球状星团是一种由恒星组成的天体。它们通常位于星系的核心区域，并且在星系中形成一个球形或椭圆形的结构。球状星团是由许多恒星聚集在一起形成的，这些恒星可能来自不同的星系或者是在同一星系的不同部分形成的。

球状星团的大小和数量可以很大，也可以很小。一些球状星团甚至比太阳还要大。球状星团中最著名的可能是仙女座星系（M31）中的仙女座星团（NGC 6240），这是一个非常大的球状星团，直径约为500光年。

球状星团的存在对于研究宇宙的演化历史非常重要。通过观察球状星团，科学家们能够了解恒星是如何形成的、如何演化以及它们对宇宙的影响。此外，球状星团也是寻找潜在的行星和其他天体的重要目标。",0.6,星系中的球状星团是一种密集的引力束缚系统，通常被认为是由年龄相近且金属丰度相似的恒星构成。它们是银河系及其他星系中非常古老的一部分，被视为星系形成早期重要信息的“化石”。球状星团因其高度集中和稳定的特性，成为研究星系形成和演化历程的关键天体。
190,星系形态的自动分类为什么需要机器学习方法？,由于CSST预计将能观测到大量星系图像，传统的目视分类方法无法满足需求，因此需要使用机器学习方法进行自动的形态分类。,"星系形态的自动分类需要机器学习方法的原因如下：

* **传统的分类方法无法应用于大量图像形态分类** 。传统方法主要基于人工经验和视觉判断，对于大量的图像形态分类，这种方法既耗时又容易出错^[1]^。
* **机器学习方法可以应用于大量图像形态分类** 。机器学习方法通过训练样本学习测量值与目标变量之间的映射，能够自动地进行图像形态分类，大大提高了分类的效率和准确性^[1]^。

此外，机器学习方法还可以应用于星系结构的分解及其演化研究，通过测量红移0到2的星系的主要成分的结构参数，可以得到各个成分的恒星质量、恒星形成率、星族性质等信息，从而研究各个成分质量增长的模式和星系演化的过程^[2]^。","星系形态的自动分类需要使用机器学习方法的原因有以下几点：

1. 数据量大：星系形态数据集非常庞大，包括了各种不同的星系形态。这些数据集通常包含大量的图像和标签信息。

2. 特征复杂性高：星系形态的数据集往往具有复杂的特征，例如形状、大小、颜色等。这些特征可能难以通过传统的统计分析方法进行处理。

3. 需要大量标注：为了训练模型，我们需要对每个星系形态进行手动标注。这需要大量的时间和人力。

4. 模型泛化能力强：机器学习模型可以通过学习历史上的模式来预测未来的趋势。因此，如果能够有效地训练出一个泛化能力强的模型，那么它就可以在新的数据上表现得更好。

5. 可以提高准确率：机器学习可以利用大量的数据和计算能力，从而提高模型的准确率。这对于星系形态的自动分类来说非常重要，因为准确率是衡量模型性能的重要指标之一。

6. 适应性强：机器学习模型可以根据新出现的数据调整自己的参数，从而更好地适应新的情况。这对于星系形态的自动分类来说尤为重要，因为它需要不断地更新和改进其算法。

7. 可解释性强：机器学习模型可以提供详细的解释，说明它是如何做出决策的。这对于理解模型的工作原理以及如何改善模型是非常重要的。",0.6,"星系形态的自动分类需要机器学习方法的主要原因在于以下几点：

1. **大量数据处理**：传统的分类方法难以应对大规模的星系图像数据集。CSST预计能够观测到数亿乃至数十亿计的星系，传统方法无法高效地进行形态分类。

2. **复杂性和多样性**：星系形态多样，包括但不限于椭圆星系、螺旋星系、不规则星系等多种类型，每种类型内部还可能有更细的亚类。机器学习方法能够识别和区分这些复杂的形态差异。

3. **自动化和效率**：机器学习算法能够在短时间内处理大量数据，提供快速的分类结果，相比人工分类更加高效。

4. **可扩展性**：随着数据量的增长，机器学习模型能够不断调整和优化，提高分类精度。

5. **可重复性和一致性**：机器学习方法提供了标准化的流程，使得同类星系的分类保持一致性和可重复性。

6. **灵活性**：机器学习模型可以根据不同的需求进行定制，如仅关注特定类型的星系分类，或者结合多种特征进行综合判断。

综上所述，机器学习方法因其强大的数据处理能力、自动化特性、灵活性和可扩展性，成为星系形态自动分类的理想选择。"
191,什么是监督机器学习方法和非监督机器学习方法？,监督机器学习方法通过示例（训练样本）学习测量值与目标变量之间的映射；非监督机器学习方法在进行分类时不需要给出特定输出的限制。,"监督机器学习方法和非监督机器学习方法都是机器学习的分类方法。

* 监督机器学习方法是基于已知的训练样本对模型进行训练，并根据训练后的模型对新的未知数据进行预测的方法。这种方法需要事先知道数据的标签，即数据所属的类别或属性。常见的监督机器学习方法包括线性回归、逻辑回归、支持向量机、决策树等^[1]^。
* 非监督机器学习方法则是不需要事先知道数据的标签，通过数据间的相似度或距离等关系，对数据进行聚类、降维、异常检测等操作的方法。这种方法适用于无标签数据或标签不明确的数据集。常见的非监督机器学习方法包括聚类分析、主成分分析、自编码器等^[1]^。","监督机器学习是一种机器学习技术，它使用已标记的数据来训练模型。在监督学习中，算法被训练以从输入数据中预测输出结果，并且这些结果已经被事先确定。监督学习通常用于分类问题，其中目标是将新数据点归类到一个预定义的类别中。

非监督机器学习是一种机器学习技术，它不依赖于任何预先存在的标签或特征值。在这种情况下，算法尝试发现数据中的模式、结构或其他潜在关系。非监督学习通常用于聚类问题，其中目标是将数据点分组到不同的簇中，以便可以更好地理解和分析它们之间的关系。

两种类型的机器学习都可以用于解决许多实际问题，包括图像识别、自然语言处理、推荐系统等。",0.95,"监督机器学习方法是一种机器学习技术，它通过给定的数据集（即训练样本）学习输入特征与输出标签之间的关系。这种方法的目标是从历史数据中发现规律，以便在未来遇到未见过的数据时能够做出预测或分类。常见的监督学习方法包括随机森林和卷积神经网络等。

非监督机器学习方法则是另一种类型的机器学习技术，它并不依赖于预先标记的数据。相反，它的目标是发现数据内部的结构、模式或者分布。这类方法通常用于数据聚类、降维、异常检测等场景。典型的非监督学习方法包括主成分分析（PCA）、聚类分析和离群值检测等。"
192,CSST预计能观测到多少星系？,CSST主巡天预计将能观测到数亿甚至数十亿计的星系。,CSST预计能观测到的星系数量取决于其巡天面积和深度，以及目标星系的亮度等参数。根据搜索结果，CSST的主巡天预计将能观测到数亿甚至数十亿计的星系^[1]^。,根据上述资料，CSST预计能够观测到大约1000个星系。,0.1,"根据已知信息，CSST（China Space Station Telescope）预计能在以下几种观测条件下观测到特定数量的莱曼截断星系：

- 对于17500平方度的大天区主巡天，预计能探测到的莱曼截断星系数目未明确给出具体数字；
- 对于400平方度的深场巡天，也未明确给出具体数字；
- 对于讨论中的10+10平方度极深场，同样未明确给出具体数字；
- 对于MCI约0.1平方度的超深场，也未明确给出具体数字。

对于具体的星系数目，信息中并未提供详细的预测或估算。因此，根据已知信息无法回答该问题。"
193,利用ellipse等软件提取源的哪种轮廓信息？,利用ellipse等软件提取的是该源的等光度轮廓信息。,利用ellipse等软件提取源的**等光度轮廓信息**^[1]^。,利用ellipse等软件提取源的等光度轮廓信息。,1.0,利用ellipse等软件提取源的等光度轮廓信息。
194,等值轮廓孔径对什么进行积分？,等值轮廓孔径用于对该源的总流量进行积分。,"**等值轮廓孔径对源的总流量进行积分**^[1]^。

对于每一个星系，利用诸如ellipse的软件提取该源的等光度轮廓信息，然后基于等值轮廓孔径对该源的总流量进行积分。通过对多波段的星等以及等值光度轮廓的分析（诸如表面亮度函数，傅里叶模式），进而用训练好的学习机对于星系的形态种类进行预测，再利用基于神经网络的深度学习机器去对星系进行组分分解（例如核盘分解），并给出精确的星等、大小、椭率等结构参数。同时也包含对于星系形态定性的描述，例如规则与否，核球种类，有无盘状结构等^[1]^。",等值轮廓孔径对面积进行积分。,0.5,等值轮廓孔径对源的总流量进行积分。
195,星系的形态种类是如何预测的？,通过对多波段的星等以及等值光度轮廓的分析（诸如表面亮度函数，傅里叶模式），并用训练好的学习机对星系的形态种类进行预测。,星系的形态种类是通过**机器学习的方法**进行预测的。首先，对星系图像进行多波段数据处理，然后利用机器学习的方法对星系的形态种类进行预测。这种方法通常分为受监督方法和不受监督方法。受监督的机器学习方法通过示例（训练样本）学习测量值与目标变量之间的映射。不受监督的机器学习方法在进行分类时不需要给出特定输出的限制。开发新的机器学习方法，并对CSST探测极限以上的所有星系进行自动的形态分析。具体的形态分析算法会首先完成图像中给定信噪比以上天体物理源的探测以及分类。这种探测和分类是同时基于多波段数据处理的。对于每一个星系，利用诸如ellipse的软件提取该源的等光度轮廓信息，然后基于等值轮廓孔径对该源的总流量进行积分。通过对多波段的星等以及等值光度轮廓的分析，进而用训练好的学习机对于星系的形态种类进行预测^[1]^。,星系的形态种类可以通过多种方式来预测。例如，可以使用天文望远镜观测星系的光谱特征，以确定其化学成分和温度等信息；也可以通过分析星系的运动轨迹、旋转速度和引力透镜效应等物理性质，来推断其内部结构和演化历史。此外，还可以利用计算机模拟技术，对不同类型的星系进行建模，并通过比较模型结果与实际观测数据，来验证或修正模型假设。总之，预测星系的形态种类需要综合运用多种科学方法和技术手段。,0.3,"星系的形态种类通过以下步骤进行预测：

1. **探测和分类**：首先使用特定的算法在多波段数据中检测并分类出信噪比以上的天体物理源，包括星系。

2. **提取轮廓信息**：对于每个星系，利用软件（如ellipse）提取其等光度轮廓的信息。

3. **积分总流量**：基于等值轮廓孔径对星系的总流量进行积分计算。

4. **分析星等和光度轮廓**：通过分析多波段的星等以及等值光度轮廓的数据，如表面亮度函数和傅里叶模式。

5. **使用学习机预测**：运用预先训练好的学习机（可能为支持向量机、决策树或其他机器学习模型）对星系的形态种类进行预测。

6. **深度学习分解**：采用基于神经网络的深度学习机器对星系进行组分分解，例如进行核盘分解。

7. **量化描述**：给出星系的精确结构参数，如星等、大小、椭率等，并进行形态学分类，描述星系的规则性、核球类型、是否有盘状结构等特性。

通过这些步骤，可以实现对星系形态种类的有效预测和分析。"
196,神经网络如何对星系进行组分分解？,神经网络被用于对星系进行组分分解，如核盘分解，并给出精确的星等、大小、椭率等结构参数，以及星系的形态定性描述。,"神经网络对星系进行组分分解的方法如下：

* 神经网络可以基于星系的图像数据，通过训练和学习，识别出星系的核球、盘状结构等不同的组成部分^[1]^。
* 这种方法通常需要使用多波段的图像数据，以便更准确地分析星系的形态和结构。通过结合不同波段的图像信息，神经网络可以更准确地进行组分分解，并给出诸如核球比、有无盘结构、Sersic指数等参数^[1]^。

此外，神经网络还可以结合其他方法，如椭圆拟合、傅里叶模式分析、表面亮度函数等，对星系的形态和结构进行更深入的分析和理解^[1]^。","神经网络可以用于星系的组分分解。神经网络通过学习和分析大量的星系数据来识别星系的不同组成部分，并将其分类为不同的类型。这些类型的划分可以帮助科学家更好地理解宇宙的结构和演化。

神经网络通常使用深度学习技术，其中每个层都包含一个或多个神经元，它们接收输入并产生输出。在星系组分分解中，神经网络首先需要从大量星系图像中提取特征，然后将这些特征输入到多层神经网络中，以识别不同类型的星系。最后，神经网络将结果输出为星系的类别标签，例如“椭圆星系”、“螺旋星系”等。

值得注意的是，神经网络在处理复杂的数据集时可能会遇到挑战，如过拟合、欠拟合等问题。因此，在实际应用中，可能需要结合其他方法（如机器学习算法）来提高模型的性能。",0.5,"神经网络对星系进行组分分解的过程涉及以下步骤：

1. **数据准备**：首先，需要准备包含多波段图像的数据集，这些图像包含了待分析的星系。数据集中应包括不同波段下的星系图像，以便神经网络能够从多个角度理解和解析星系的组成。

2. **特征提取**：神经网络通过前馈层或卷积层从输入图像中提取关键特征。这些特征可能包括形状、纹理、颜色分布等，有助于区分不同的星系组成部分，比如核心球、盘状结构或其他非规则部分。

3. **模型训练**：使用预先标记的星系图像数据集训练神经网络。在这个过程中，网络学习识别不同星系组成部分的模式和关联。训练的目标是使网络能够准确地将星系分解为其各个组成部分。

4. **参数优化**：通过反向传播算法调整网络权重，以最小化预测结果与实际标签之间的差距。这一过程不断迭代，直到网络性能达到满意水平。

5. **组件识别**：训练完成后，当神经网络接收一个新的星系图像时，它能够识别并分离出图像中的主要组成部分。例如，它可以确定是否存在一个明显的核球、是否有盘状结构，以及其他可能的非规则成分。

6. **输出结果**：神经网络提供关于星系各部分的定量描述，如核球比、盘的存在与否、Sersic指数等参数，这些信息有助于更深入地理解星系的形态和演化历史。

通过这种方式，神经网络作为一种强大的工具，能够在复杂的数据集上执行精细的星系组分分解任务，为天文学家提供宝贵的信息，帮助他们更好地理解宇宙中星系的多样性和演化过程。"
197,哪些参数可以描述星系的形态？,描述星系形态的参数包括星等、大小、椭率、致密度、有效半径等。,"描述星系的形态的参数有：**大小，致密度，等效半径，星等，核球比，有无盘结构，Sersic指数，轴比**等^[1]^。

星系的形态表征着星系的内部结构以及其演化阶段，其与星系的初始状态、弥散程度、宇宙环境、大尺度潮汐力场、并合或吸积历史、内禀动力学、恒星形成和超大质量黑洞等一系列的物理性质相关。星系的形态和结构研究是现今理解星系形成与演化的一个重要途径^[2]^。","星系形态参数是指描述星系形状和结构的参数。这些参数可以帮助科学家更好地理解星系的形成和演化过程。常见的星系形态参数包括：

1. 聚集度：表示星系内部物质分布的集中程度。
2. 不对称性：衡量星系内部物质分布的不均匀程度。
3. 团簇度：衡量星系内部物质分布的紧密程度。
4. 基尼系数：衡量星系内部物质分布的差异程度。
5. 集聚度C：表示星系内部物质分布的集中程度。
6. 不对称性A：衡量星系内部物质分布的不均匀程度。
7. 团簇度S：衡量星系内部物质分布的紧密程度。
8. 基尼系数Gini：衡量星系内部物质分布的差异程度。

此外，还有一些其他形态参数，如核球类型、是否有盘状结构等，也可以用来描述星系的形态。通过分析这些参数，科学家们可以更深入地理解星系的形成和演化过程。",0.5,"描述星系形态的参数包括：

- 聚集度 (C)
- 不对称性 (A)
- 团簇度 (S)
- 基尼系数 (Gini)

此外，还有一些非参数化形态参数也被引入以定量描述星系形态。"
198,DeepLeGATo软件是基于什么模型进行建模的？,DeepLeGATo软件是基于卷积神经网络的模型进行建模的。,"**DeepLeGATo软件是基于卷积神经网络模型进行建模的**^[1]^。

DeepLeGATo软件可以估算单成分Sersic模型的参数，例如有效半径、Sersic指数和轴比。其准确性与现有分析软件GALFIT相当，但速度要快1000倍以上^[1]^。",DeepLeGATo软件是基于深度学习模型进行建模的。它使用了Transformer架构，这是一种用于自然语言处理任务的强大模型。,0.5,"DeepLeGATo软件是基于卷积神经网络（Convolutional Neural Network, CNN）模型进行建模的。"
199,机器学习在天文数据处理中面临的主要挑战是什么？,机器学习在天文数据处理中面临的主要挑战是机器学习的可解释性，即准确了解机器用于决策的依据。,"机器学习在天文数据处理中面临的主要挑战是**可解释性**和**知识转移**^[1]^。

* 可解释性是指准确了解机器用于决策的依据，这涉及到对机器学习模型的深入理解和解释，以便于人类理解和使用。
* 知识转移是指经现有巡天项目训练过的机器学习方法是否能很好应用于未来的巡天项目，这需要对不同巡天项目的数据特征、研究目标等进行深入分析和理解。","在天文数据处理中，机器学习面临的挑战主要包括：

1. 天文数据量大：天文学家通常需要处理大量的天文观测数据。这些数据可能包含数百万个星系、恒星和行星等。

2. 数据质量低：由于天文观测条件的限制，天文数据的质量往往较低。这可能导致模型训练时出现过拟合或欠拟合的问题。

3. 特征选择困难：天文学中的许多特征是主观定义的，因此很难从大量数据中自动提取有效的特征。

4. 环境变化：天文观测环境可能会发生变化，例如天气、季节等因素都会影响观测结果。因此，如何有效地处理这些环境因素也是一个挑战。

5. 模型解释性差：一些复杂的天文现象难以用数学公式精确描述，导致模型解释性较差，难以理解其预测结果的原因。

6. 高维空间问题：天文学中的观测数据往往具有高维度，这意味着模型训练将变得非常复杂，需要更多的计算资源来解决这个问题。

7. 数据隐私保护：天文学家经常需要处理敏感的数据，如个人身份信息、地理位置等。如何确保数据的安全性和隐私性是一个重要的挑战。",0.4,"机器学习在天文数据处理中面临的两大主要挑战是：

1. **可解释性**：准确理解机器如何做出决策，即所谓的黑盒问题。这涉及到提供清晰的理由说明模型是如何得出结论的，这对于科学发现至关重要。

2. **知识转移**：现有的机器学习方法经过特定项目的训练后，能否有效地应用到未来的天文巡天项目中。这包括适应不同的数据集、波长范围、以及可能存在的未知因素。"
